,SCHOOL_YEAR,SCHOOL_NUMBER,SCHOOL_NAME_x,DISTRICT_NUMBER,DISTRICT_NAME,PUBLIC_OR_INDEPENDENT,STREET_ADDRESS,PHYSICAL_ADDRESS_CITY,FACILTY_TYPE,SCHOOL_EDUCATION_LEVEL,HAS_CORE_FRENCH,HAS_EARLY_FRENCH_IMMERSION,HAS_LATE_FRENCH_IMMERSION,HAS_PROG_FRANCOPHONE,SCHOOL_LATITUDE,SCHOOL_LONGITUDE,SCHOOL_NAME_y,SCHOOL_TYPE,YEAR,LOCATION,ENROLMENT,PERCENT_ESL,PERCENT_SPECIAL_NEEDS,PERCENT_FRENCH_IMM,AVERAGE_EXAM_MARK,PERCENT_EXAMS_FAILED,PERCENT_GRAD,PERCENT_DELAYED,OVERALL
5,2019/2020,604015,David Thompson Secondary,6,Rocky Mountain,Public,1535 14th St Unit 1 RR 4,Invermere,Standard School                         ,SECONDARY,YES,NO,NO,NO,50.5022144,-116.0411422,David Thompson,Public,2019,Invermere,70,0.7,8.8,0.0,67.2,10.5,100.0,16.8,5.9
80,2019/2020,3434022,Abbotsford Senior Secondary School,34,Abbotsford,Public,33355 Bevan  Ave,Abbotsford,Standard School                         ,SECONDARY,YES,NO,NO,NO,49.04359461,-122.3001517,Abbotsford,Public,2019,Abbotsford,272,4.1,12.2,0.0,64.9,13.5,95.1,13.3,5.4
110,2019/2020,3434061,Abbotsford Traditional Senior Secondary,34,Abbotsford,Public,2272 Windsor St,Abbotsford,Standard School                         ,SECONDARY,YES,NO,NO,NO,49.04356239,-122.3540793,Abbotsford,Public,2019,Abbotsford,272,4.1,12.2,0.0,64.9,13.5,95.1,13.3,5.4
152,2019/2020,3535019,Langley Secondary,35,Langley,Public,21405 56 Ave,Langley,Standard School                         ,SECONDARY,YES,NO,NO,NO,49.10523838,-122.6308214,Langley,Public,2019,Langley,250,4.6,15.4,0.0,62.8,19.8,96.6,20.2,2.8
182,2019/2020,3535056,Langley Fundamental Middle/Secondary Sch,35,Langley,Public,21250 42 Ave,Langley,Standard School                         ,ELEMENTARY SECONDARY,YES,NO,NO,NO,49.0779818,-122.6348359,Langley,Public,2019,Langley,250,4.6,15.4,0.0,62.8,19.8,96.6,20.2,2.8
188,2019/2020,3535064,Langley Equestrian Academy,35,Langley,Public,20902 37A Ave,Langley,Standard School                         ,ELEMENTARY SECONDARY,NO,NO,NO,NO,49.06985045,-122.6443605,Langley,Public,2019,Langley,250,4.6,15.4,0.0,62.8,19.8,96.6,20.2,2.8
581,2019/2020,3636246,Princess Margaret Secondary,36,Surrey,Public,12870 72 Ave,Surrey,Standard School                         ,SECONDARY,YES,NO,NO,NO,49.13179769,-122.8657613,Princess Margaret,Public,2019,Surrey,278,17.9,10.4,0.0,65.5,10.9,91.9,18.0,4.2
678,2019/2020,3737003,Delta Secondary,37,Delta,Public,4615 51 St,Delta,Standard School                         ,SECONDARY,YES,NO,NO,NO,49.08615943,-123.0841377,Delta,Public,2019,Delta,245,1.1,21.3,0.3,66.1,7.6,97.6,7.7,6.3
685,2019/2020,3737012,North Delta Secondary,37,Delta,Public,11447 82 Ave,Delta,Standard School                         ,SECONDARY,YES,NO,NO,NO,49.1531698,-122.9049721,Delta,Public,2019,Delta,245,1.1,21.3,0.3,66.1,7.6,97.6,7.7,6.3
706,2019/2020,3737037,South Delta Secondary,37,Delta,Public,750 53 St,Delta,Standard School                         ,SECONDARY,YES,YES,NO,NO,49.01669018,-123.0758668,Delta,Public,2019,Delta,245,1.1,21.3,0.3,66.1,7.6,97.6,7.7,6.3
1068,2019/2020,3939018,David Thompson Secondary,39,Vancouver,Public,1755 55th Ave E,Vancouver,Standard School                         ,SECONDARY,YES,NO,NO,NO,49.2208643,-123.0705555,David Thompson,Public,2019,Vancouver,270,8.4,8.8,0.0,70.0,5.6,96.4,12.6,7.1
1161,2019/2020,3996002,St George's School,39,Vancouver,Independent,4175 W 29th Ave,Vancouver,Standard School                         ,ELEMENTARY SECONDARY,YES,NO,NO,NO,49.24732858,-123.1992373,s,Independent,2019,Vancouver,162,0.0,3.1,0.0,80.6,0.0,100.0,1.3,9.4
1162,2019/2020,3996002,St George's School,39,Vancouver,Independent,4175 W 29th Ave,Vancouver,Standard School                         ,ELEMENTARY SECONDARY,YES,NO,NO,NO,49.24732858,-123.1992373,s,Independent,2019,Vancouver,47,0.0,7.2,0.0,74.4,4.3,100.0,0.0,8.6
1163,2019/2020,3996002,St George's School,39,Vancouver,Independent,4175 W 29th Ave,Vancouver,Standard School                         ,ELEMENTARY SECONDARY,YES,NO,NO,NO,49.24732858,-123.1992373,s,Independent,2019,Vancouver,101,0.0,14.1,0.0,66.7,10.4,100.0,2.2,5.3
1173,2019/2020,3996004,Crofton House,39,Vancouver,Independent,3200 West 41st Avenue,Vancouver,Standard School                         ,ELEMENTARY SECONDARY,YES,NO,NO,NO,49.23446031,-123.1772051,s,Independent,2019,Vancouver,162,0.0,3.1,0.0,80.6,0.0,100.0,1.3,9.4
1174,2019/2020,3996004,Crofton House,39,Vancouver,Independent,3200 West 41st Avenue,Vancouver,Standard School                         ,ELEMENTARY SECONDARY,YES,NO,NO,NO,49.23446031,-123.1772051,s,Independent,2019,Vancouver,47,0.0,7.2,0.0,74.4,4.3,100.0,0.0,8.6
1175,2019/2020,3996004,Crofton House,39,Vancouver,Independent,3200 West 41st Avenue,Vancouver,Standard School                         ,ELEMENTARY SECONDARY,YES,NO,NO,NO,49.23446031,-123.1772051,s,Independent,2019,Vancouver,101,0.0,14.1,0.0,66.7,10.4,100.0,2.2,5.3
1197,2019/2020,3996011,York House School,39,Vancouver,Independent,4176 Alexandra St,Vancouver,Standard School                         ,ELEMENTARY SECONDARY,NO,NO,NO,NO,49.24855211,-123.1403115,s,Independent,2019,Vancouver,162,0.0,3.1,0.0,80.6,0.0,100.0,1.3,9.4
1198,2019/2020,3996011,York House School,39,Vancouver,Independent,4176 Alexandra St,Vancouver,Standard School                         ,ELEMENTARY SECONDARY,NO,NO,NO,NO,49.24855211,-123.1403115,s,Independent,2019,Vancouver,47,0.0,7.2,0.0,74.4,4.3,100.0,0.0,8.6
1199,2019/2020,3996011,York House School,39,Vancouver,Independent,4176 Alexandra St,Vancouver,Standard School                         ,ELEMENTARY SECONDARY,NO,NO,NO,NO,49.24855211,-123.1403115,s,Independent,2019,Vancouver,101,0.0,14.1,0.0,66.7,10.4,100.0,2.2,5.3
1245,2019/2020,3996071,Vancouver Christian,39,Vancouver,Independent,3496 Mons Drive,Vancouver,Standard School                         ,ELEMENTARY SECONDARY,YES,NO,NO,NO,49.25471,-123.02857,s,Independent,2019,Vancouver,162,0.0,3.1,0.0,80.6,0.0,100.0,1.3,9.4
1246,2019/2020,3996071,Vancouver Christian,39,Vancouver,Independent,3496 Mons Drive,Vancouver,Standard School                         ,ELEMENTARY SECONDARY,YES,NO,NO,NO,49.25471,-123.02857,s,Independent,2019,Vancouver,47,0.0,7.2,0.0,74.4,4.3,100.0,0.0,8.6
1247,2019/2020,3996071,Vancouver Christian,39,Vancouver,Independent,3496 Mons Drive,Vancouver,Standard School                         ,ELEMENTARY SECONDARY,YES,NO,NO,NO,49.25471,-123.02857,s,Independent,2019,Vancouver,101,0.0,14.1,0.0,66.7,10.4,100.0,2.2,5.3
1281,2019/2020,3996332,Fraser Academy,39,Vancouver,Independent,2294 10th Ave W,Vancouver,Standard School                         ,ELEMENTARY SECONDARY,NO,NO,NO,NO,49.26278409,-123.1571374,s,Independent,2019,Vancouver,162,0.0,3.1,0.0,80.6,0.0,100.0,1.3,9.4
1282,2019/2020,3996332,Fraser Academy,39,Vancouver,Independent,2294 10th Ave W,Vancouver,Standard School                         ,ELEMENTARY SECONDARY,NO,NO,NO,NO,49.26278409,-123.1571374,s,Independent,2019,Vancouver,47,0.0,7.2,0.0,74.4,4.3,100.0,0.0,8.6
1283,2019/2020,3996332,Fraser Academy,39,Vancouver,Independent,2294 10th Ave W,Vancouver,Standard School                         ,ELEMENTARY SECONDARY,NO,NO,NO,NO,49.26278409,-123.1571374,s,Independent,2019,Vancouver,101,0.0,14.1,0.0,66.7,10.4,100.0,2.2,5.3
1293,2019/2020,3996435,St John's School,39,Vancouver,Independent,2215 10th Ave W,Vancouver,Standard School                         ,ELEMENTARY SECONDARY,YES,NO,NO,NO,49.26308821,-123.1556879,s,Independent,2019,Vancouver,162,0.0,3.1,0.0,80.6,0.0,100.0,1.3,9.4
1294,2019/2020,3996435,St John's School,39,Vancouver,Independent,2215 10th Ave W,Vancouver,Standard School                         ,ELEMENTARY SECONDARY,YES,NO,NO,NO,49.26308821,-123.1556879,s,Independent,2019,Vancouver,47,0.0,7.2,0.0,74.4,4.3,100.0,0.0,8.6
1295,2019/2020,3996435,St John's School,39,Vancouver,Independent,2215 10th Ave W,Vancouver,Standard School                         ,ELEMENTARY SECONDARY,YES,NO,NO,NO,49.26308821,-123.1556879,s,Independent,2019,Vancouver,101,0.0,14.1,0.0,66.7,10.4,100.0,2.2,5.3
1317,2019/2020,3996509,Vancouver Formosa Academy,39,Vancouver,Independent,5621 Killarney St,Vancouver,Standard School                         ,SECONDARY,NO,NO,NO,NO,49.23375,-123.04637,s,Independent,2019,Vancouver,162,0.0,3.1,0.0,80.6,0.0,100.0,1.3,9.4
1318,2019/2020,3996509,Vancouver Formosa Academy,39,Vancouver,Independent,5621 Killarney St,Vancouver,Standard School                         ,SECONDARY,NO,NO,NO,NO,49.23375,-123.04637,s,Independent,2019,Vancouver,47,0.0,7.2,0.0,74.4,4.3,100.0,0.0,8.6
1319,2019/2020,3996509,Vancouver Formosa Academy,39,Vancouver,Independent,5621 Killarney St,Vancouver,Standard School                         ,SECONDARY,NO,NO,NO,NO,49.23375,-123.04637,s,Independent,2019,Vancouver,101,0.0,14.1,0.0,66.7,10.4,100.0,2.2,5.3
1329,2019/2020,3996527,St John's Academy,39,Vancouver,Independent,395 West Broadway,Vancouver,Standard School                         ,SECONDARY,NO,NO,NO,NO,49.26336734,-123.1125224,s,Independent,2019,Vancouver,162,0.0,3.1,0.0,80.6,0.0,100.0,1.3,9.4
1330,2019/2020,3996527,St John's Academy,39,Vancouver,Independent,395 West Broadway,Vancouver,Standard School                         ,SECONDARY,NO,NO,NO,NO,49.26336734,-123.1125224,s,Independent,2019,Vancouver,47,0.0,7.2,0.0,74.4,4.3,100.0,0.0,8.6
1331,2019/2020,3996527,St John's Academy,39,Vancouver,Independent,395 West Broadway,Vancouver,Standard School                         ,SECONDARY,NO,NO,NO,NO,49.26336734,-123.1125224,s,Independent,2019,Vancouver,101,0.0,14.1,0.0,66.7,10.4,100.0,2.2,5.3
1365,2019/2020,3996601,West Coast Christian School,39,Vancouver,Independent,15 Renfrew St N,Vancouver,Standard School                         ,ELEMENTARY SECONDARY,YES,NO,NO,NO,49.28498,-123.04454,s,Independent,2019,Vancouver,162,0.0,3.1,0.0,80.6,0.0,100.0,1.3,9.4
1366,2019/2020,3996601,West Coast Christian School,39,Vancouver,Independent,15 Renfrew St N,Vancouver,Standard School                         ,ELEMENTARY SECONDARY,YES,NO,NO,NO,49.28498,-123.04454,s,Independent,2019,Vancouver,47,0.0,7.2,0.0,74.4,4.3,100.0,0.0,8.6
1367,2019/2020,3996601,West Coast Christian School,39,Vancouver,Independent,15 Renfrew St N,Vancouver,Standard School                         ,ELEMENTARY SECONDARY,YES,NO,NO,NO,49.28498,-123.04454,s,Independent,2019,Vancouver,101,0.0,14.1,0.0,66.7,10.4,100.0,2.2,5.3
1377,2019/2020,3996645,West Point Grey Academy,39,Vancouver,Independent,4125 West 8th Avenue,Vancouver,Standard School                         ,ELEMENTARY SECONDARY,YES,NO,NO,NO,49.2665861,-123.2002978,s,Independent,2019,Vancouver,162,0.0,3.1,0.0,80.6,0.0,100.0,1.3,9.4
1378,2019/2020,3996645,West Point Grey Academy,39,Vancouver,Independent,4125 West 8th Avenue,Vancouver,Standard School                         ,ELEMENTARY SECONDARY,YES,NO,NO,NO,49.2665861,-123.2002978,s,Independent,2019,Vancouver,47,0.0,7.2,0.0,74.4,4.3,100.0,0.0,8.6
1379,2019/2020,3996645,West Point Grey Academy,39,Vancouver,Independent,4125 West 8th Avenue,Vancouver,Standard School                         ,ELEMENTARY SECONDARY,YES,NO,NO,NO,49.2665861,-123.2002978,s,Independent,2019,Vancouver,101,0.0,14.1,0.0,66.7,10.4,100.0,2.2,5.3
1413,2019/2020,3996724,The Westside School,39,Vancouver,Independent,788 Beatty St,Vancouver,Standard School                         ,ELEMENTARY SECONDARY,NO,NO,NO,NO,49.27757,-123.11344,s,Independent,2019,Vancouver,162,0.0,3.1,0.0,80.6,0.0,100.0,1.3,9.4
1414,2019/2020,3996724,The Westside School,39,Vancouver,Independent,788 Beatty St,Vancouver,Standard School                         ,ELEMENTARY SECONDARY,NO,NO,NO,NO,49.27757,-123.11344,s,Independent,2019,Vancouver,47,0.0,7.2,0.0,74.4,4.3,100.0,0.0,8.6
1415,2019/2020,3996724,The Westside School,39,Vancouver,Independent,788 Beatty St,Vancouver,Standard School                         ,ELEMENTARY SECONDARY,NO,NO,NO,NO,49.27757,-123.11344,s,Independent,2019,Vancouver,101,0.0,14.1,0.0,66.7,10.4,100.0,2.2,5.3
1425,2019/2020,3996732,Shalhevet Girls High School,39,Vancouver,Independent,785 16th Ave W,Vancouver,Standard School                         ,SECONDARY,NO,NO,NO,NO,49.23346984,-123.1275959,s,Independent,2019,Vancouver,162,0.0,3.1,0.0,80.6,0.0,100.0,1.3,9.4
1426,2019/2020,3996732,Shalhevet Girls High School,39,Vancouver,Independent,785 16th Ave W,Vancouver,Standard School                         ,SECONDARY,NO,NO,NO,NO,49.23346984,-123.1275959,s,Independent,2019,Vancouver,47,0.0,7.2,0.0,74.4,4.3,100.0,0.0,8.6
1427,2019/2020,3996732,Shalhevet Girls High School,39,Vancouver,Independent,785 16th Ave W,Vancouver,Standard School                         ,SECONDARY,NO,NO,NO,NO,49.23346984,-123.1275959,s,Independent,2019,Vancouver,101,0.0,14.1,0.0,66.7,10.4,100.0,2.2,5.3
1437,2019/2020,3996733,Pattison High School,39,Vancouver,Independent,981 Nelson St,Vancouver,Standard School                         ,SECONDARY,NO,NO,NO,NO,49.2808207,-123.1249508,s,Independent,2019,Vancouver,162,0.0,3.1,0.0,80.6,0.0,100.0,1.3,9.4
1438,2019/2020,3996733,Pattison High School,39,Vancouver,Independent,981 Nelson St,Vancouver,Standard School                         ,SECONDARY,NO,NO,NO,NO,49.2808207,-123.1249508,s,Independent,2019,Vancouver,47,0.0,7.2,0.0,74.4,4.3,100.0,0.0,8.6
1439,2019/2020,3996733,Pattison High School,39,Vancouver,Independent,981 Nelson St,Vancouver,Standard School                         ,SECONDARY,NO,NO,NO,NO,49.2808207,-123.1249508,s,Independent,2019,Vancouver,101,0.0,14.1,0.0,66.7,10.4,100.0,2.2,5.3
1449,2019/2020,3996764,Eaton Arrowsmith School,39,Vancouver,Independent,204-6190 Agronomy Rd,Vancouver,Standard School                         ,ELEMENTARY SECONDARY,NO,NO,NO,NO,49.2611806,-123.246219,s,Independent,2019,Vancouver,162,0.0,3.1,0.0,80.6,0.0,100.0,1.3,9.4
1450,2019/2020,3996764,Eaton Arrowsmith School,39,Vancouver,Independent,204-6190 Agronomy Rd,Vancouver,Standard School                         ,ELEMENTARY SECONDARY,NO,NO,NO,NO,49.2611806,-123.246219,s,Independent,2019,Vancouver,47,0.0,7.2,0.0,74.4,4.3,100.0,0.0,8.6
1451,2019/2020,3996764,Eaton Arrowsmith School,39,Vancouver,Independent,204-6190 Agronomy Rd,Vancouver,Standard School                         ,ELEMENTARY SECONDARY,NO,NO,NO,NO,49.2611806,-123.246219,s,Independent,2019,Vancouver,101,0.0,14.1,0.0,66.7,10.4,100.0,2.2,5.3
1509,2019/2020,3996925,Canada Royal Arts High School,39,Vancouver,Independent,896 West 8th Ave,Vancouver,Standard School                         ,SECONDARY,NO,NO,NO,NO,49.26412205,-123.123776,s,Independent,2019,Vancouver,162,0.0,3.1,0.0,80.6,0.0,100.0,1.3,9.4
1510,2019/2020,3996925,Canada Royal Arts High School,39,Vancouver,Independent,896 West 8th Ave,Vancouver,Standard School                         ,SECONDARY,NO,NO,NO,NO,49.26412205,-123.123776,s,Independent,2019,Vancouver,47,0.0,7.2,0.0,74.4,4.3,100.0,0.0,8.6
1511,2019/2020,3996925,Canada Royal Arts High School,39,Vancouver,Independent,896 West 8th Ave,Vancouver,Standard School                         ,SECONDARY,NO,NO,NO,NO,49.26412205,-123.123776,s,Independent,2019,Vancouver,101,0.0,14.1,0.0,66.7,10.4,100.0,2.2,5.3
1521,2019/2020,3996944,St Regis Secondary School,39,Vancouver,Independent,2140 41st Ave W,Vancouver,Standard School                         ,SECONDARY,NO,NO,NO,NO,49.23443362,-123.1568809,s,Independent,2019,Vancouver,162,0.0,3.1,0.0,80.6,0.0,100.0,1.3,9.4
1522,2019/2020,3996944,St Regis Secondary School,39,Vancouver,Independent,2140 41st Ave W,Vancouver,Standard School                         ,SECONDARY,NO,NO,NO,NO,49.23443362,-123.1568809,s,Independent,2019,Vancouver,47,0.0,7.2,0.0,74.4,4.3,100.0,0.0,8.6
1523,2019/2020,3996944,St Regis Secondary School,39,Vancouver,Independent,2140 41st Ave W,Vancouver,Standard School                         ,SECONDARY,NO,NO,NO,NO,49.23443362,-123.1568809,s,Independent,2019,Vancouver,101,0.0,14.1,0.0,66.7,10.4,100.0,2.2,5.3
1899,2019/2020,6196008,St Michaels University School - Senior,61,Greater Victoria,Independent,3400 Richmond Rd,Victoria,Standard School                         ,SECONDARY,YES,NO,NO,NO,48.45210537,-123.3285068,s,Independent,2019,Victoria,68,0.0,10.5,0.0,67.0,9.4,100.0,1.3,5.7
1900,2019/2020,6196008,St Michaels University School - Senior,61,Greater Victoria,Independent,3400 Richmond Rd,Victoria,Standard School                         ,SECONDARY,YES,NO,NO,NO,48.45210537,-123.3285068,s,Independent,2019,Victoria,27,31.6,6.6,0.0,67.7,13.3,100.0,,6.1
1904,2019/2020,6196010,St Margaret's,61,Greater Victoria,Independent,1080 Lucas Ave,Victoria,Standard School                         ,ELEMENTARY SECONDARY,YES,NO,NO,NO,48.48046821,-123.3637144,s,Independent,2019,Victoria,68,0.0,10.5,0.0,67.0,9.4,100.0,1.3,5.7
1905,2019/2020,6196010,St Margaret's,61,Greater Victoria,Independent,1080 Lucas Ave,Victoria,Standard School                         ,ELEMENTARY SECONDARY,YES,NO,NO,NO,48.48046821,-123.3637144,s,Independent,2019,Victoria,27,31.6,6.6,0.0,67.7,13.3,100.0,,6.1
1914,2019/2020,6196084,Pacific Christian School,61,Greater Victoria,Independent,654 Agnes St,Victoria,Standard School                         ,ELEMENTARY SECONDARY,YES,NO,NO,NO,48.47319618,-123.3843328,s,Independent,2019,Victoria,68,0.0,10.5,0.0,67.0,9.4,100.0,1.3,5.7
1915,2019/2020,6196084,Pacific Christian School,61,Greater Victoria,Independent,654 Agnes St,Victoria,Standard School                         ,ELEMENTARY SECONDARY,YES,NO,NO,NO,48.47319618,-123.3843328,s,Independent,2019,Victoria,27,31.6,6.6,0.0,67.7,13.3,100.0,,6.1
1919,2019/2020,6196265,Discovery School,61,Greater Victoria,Independent,4052 Wilkinson Rd,Victoria,Standard School                         ,ELEMENTARY SECONDARY,YES,NO,NO,NO,48.47548174,-123.4132093,s,Independent,2019,Victoria,68,0.0,10.5,0.0,67.0,9.4,100.0,1.3,5.7
1920,2019/2020,6196265,Discovery School,61,Greater Victoria,Independent,4052 Wilkinson Rd,Victoria,Standard School                         ,ELEMENTARY SECONDARY,YES,NO,NO,NO,48.47548174,-123.4132093,s,Independent,2019,Victoria,27,31.6,6.6,0.0,67.7,13.3,100.0,,6.1
1924,2019/2020,6196341,St Andrew's Regional High,61,Greater Victoria,Independent,880 Mckenzie Ave,Victoria,Standard School                         ,SECONDARY,YES,NO,NO,NO,48.46930191,-123.3741777,s,Independent,2019,Victoria,68,0.0,10.5,0.0,67.0,9.4,100.0,1.3,5.7
1925,2019/2020,6196341,St Andrew's Regional High,61,Greater Victoria,Independent,880 Mckenzie Ave,Victoria,Standard School                         ,SECONDARY,YES,NO,NO,NO,48.46930191,-123.3741777,s,Independent,2019,Victoria,27,31.6,6.6,0.0,67.7,13.3,100.0,,6.1
1929,2019/2020,6196347,Selkirk Montessori School,61,Greater Victoria,Independent,2970 Jutland Rd,Victoria,Standard School                         ,ELEMENTARY JR SECONDARY,YES,NO,NO,NO,48.44079577,-123.3786069,s,Independent,2019,Victoria,68,0.0,10.5,0.0,67.0,9.4,100.0,1.3,5.7
1930,2019/2020,6196347,Selkirk Montessori School,61,Greater Victoria,Independent,2970 Jutland Rd,Victoria,Standard School                         ,ELEMENTARY JR SECONDARY,YES,NO,NO,NO,48.44079577,-123.3786069,s,Independent,2019,Victoria,27,31.6,6.6,0.0,67.7,13.3,100.0,,6.1
1939,2019/2020,6196427,Maria Montessori Academy,61,Greater Victoria,Independent,991 Ambassador Ave,Victoria,Standard School                         ,ELEMENTARY SECONDARY,YES,NO,NO,NO,48.47379443,-123.3187349,s,Independent,2019,Victoria,68,0.0,10.5,0.0,67.0,9.4,100.0,1.3,5.7
1940,2019/2020,6196427,Maria Montessori Academy,61,Greater Victoria,Independent,991 Ambassador Ave,Victoria,Standard School                         ,ELEMENTARY SECONDARY,YES,NO,NO,NO,48.47379443,-123.3187349,s,Independent,2019,Victoria,27,31.6,6.6,0.0,67.7,13.3,100.0,,6.1
1944,2019/2020,6196520,Christ Church Cathedral School,61,Greater Victoria,Independent,912 Vancouver St,Victoria,Standard School                         ,ELEMENTARY JR SECONDARY,YES,NO,NO,NO,48.4222074,-123.3577623,s,Independent,2019,Victoria,68,0.0,10.5,0.0,67.0,9.4,100.0,1.3,5.7
1945,2019/2020,6196520,Christ Church Cathedral School,61,Greater Victoria,Independent,912 Vancouver St,Victoria,Standard School                         ,ELEMENTARY JR SECONDARY,YES,NO,NO,NO,48.4222074,-123.3577623,s,Independent,2019,Victoria,27,31.6,6.6,0.0,67.7,13.3,100.0,,6.1
1954,2019/2020,6196827,Artemis Place Secondary,61,Greater Victoria,Independent,3020 Richmond Rd,Victoria,Standard School                         ,SECONDARY,NO,NO,NO,NO,48.44419577,-123.3274726,s,Independent,2019,Victoria,68,0.0,10.5,0.0,67.0,9.4,100.0,1.3,5.7
1955,2019/2020,6196827,Artemis Place Secondary,61,Greater Victoria,Independent,3020 Richmond Rd,Victoria,Standard School                         ,SECONDARY,NO,NO,NO,NO,48.44419577,-123.3274726,s,Independent,2019,Victoria,27,31.6,6.6,0.0,67.7,13.3,100.0,,6.1
1964,2019/2020,6196891,ArtsCalibre Academy,61,Greater Victoria,Independent,4201 Tyndall Ave,Victoria,Standard School                         ,ELEMENTARY JR SECONDARY,NO,NO,NO,NO,48.4801966,-123.322221,s,Independent,2019,Victoria,68,0.0,10.5,0.0,67.0,9.4,100.0,1.3,5.7
1965,2019/2020,6196891,ArtsCalibre Academy,61,Greater Victoria,Independent,4201 Tyndall Ave,Victoria,Standard School                         ,ELEMENTARY JR SECONDARY,NO,NO,NO,NO,48.4801966,-123.322221,s,Independent,2019,Victoria,27,31.6,6.6,0.0,67.7,13.3,100.0,,6.1
1969,2019/2020,6296432,West-Mont School,62,Sooke,Independent,4075 Metchosin Rd,Victoria,Standard School                         ,ELEMENTARY JR SECONDARY,YES,NO,NO,NO,48.38959672,-123.5222942,s,Independent,2019,Victoria,68,0.0,10.5,0.0,67.0,9.4,100.0,1.3,5.7
1970,2019/2020,6296432,West-Mont School,62,Sooke,Independent,4075 Metchosin Rd,Victoria,Standard School                         ,ELEMENTARY JR SECONDARY,YES,NO,NO,NO,48.38959672,-123.5222942,s,Independent,2019,Victoria,27,31.6,6.6,0.0,67.7,13.3,100.0,,6.1
1974,2019/2020,6296461,Lighthouse Christian Academy,62,Sooke,Independent,1289 Parkdale Dr,Victoria,Standard School                         ,ELEMENTARY SECONDARY,YES,NO,NO,NO,48.43803394,-123.5329957,s,Independent,2019,Victoria,68,0.0,10.5,0.0,67.0,9.4,100.0,1.3,5.7
1975,2019/2020,6296461,Lighthouse Christian Academy,62,Sooke,Independent,1289 Parkdale Dr,Victoria,Standard School                         ,ELEMENTARY SECONDARY,YES,NO,NO,NO,48.43803394,-123.5329957,s,Independent,2019,Victoria,27,31.6,6.6,0.0,67.7,13.3,100.0,,6.1
1979,2019/2020,6296945,Brookes Westshore,62,Sooke,Independent,1939 Sooke Rd,Victoria,Standard School                         ,ELEMENTARY SECONDARY,NO,NO,NO,NO,48.44014015,-123.4742159,s,Independent,2019,Victoria,68,0.0,10.5,0.0,67.0,9.4,100.0,1.3,5.7
1980,2019/2020,6296945,Brookes Westshore,62,Sooke,Independent,1939 Sooke Rd,Victoria,Standard School                         ,ELEMENTARY SECONDARY,NO,NO,NO,NO,48.44014015,-123.4742159,s,Independent,2019,Victoria,27,31.6,6.6,0.0,67.7,13.3,100.0,,6.1
1984,2019/2020,6396127,Lakeview Christian School,63,Saanich,Independent,729 Cordova Bay Rd,Victoria,Standard School                         ,ELEMENTARY JR SECONDARY,NO,NO,NO,NO,48.5321895,-123.3855671,s,Independent,2019,Victoria,68,0.0,10.5,0.0,67.0,9.4,100.0,1.3,5.7
1985,2019/2020,6396127,Lakeview Christian School,63,Saanich,Independent,729 Cordova Bay Rd,Victoria,Standard School                         ,ELEMENTARY JR SECONDARY,NO,NO,NO,NO,48.5321895,-123.3855671,s,Independent,2019,Victoria,27,31.6,6.6,0.0,67.7,13.3,100.0,,6.1
1988,2019/2020,6363020,Stelly's Secondary,63,Saanich,Public,1627 Stellys Cross Rd,Saanichton,Standard School                         ,SECONDARY,YES,YES,NO,NO,48.57851774,-123.432356,s,Public,2019,Saanichton,191,1.2,11.6,26.2,70.4,7.4,97.7,4.4,6.3
1995,2019/2020,6715008,Princess Margaret Secondary,67,Okanagan Skaha,Public,120 Green Ave W,Penticton,Standard School                         ,SECONDARY,YES,NO,NO,NO,49.46275631,-119.5835755,Princess Margaret,Public,2019,Penticton,113,0.0,14.1,0.0,69.1,8.1,99.0,3.5,5.5
2076,2019/2020,7396194,St Ann's Academy,73,Kamloops-Thompson,Independent,205 Columbia St,Kamloops,Standard School                         ,ELEMENTARY SECONDARY,YES,NO,NO,NO,50.6705172,-120.3372954,s,Independent,2019,Kamloops,41,0.0,8.2,0.0,67.8,7.3,95.1,9.7,5.2
2077,2019/2020,7396280,Kamloops Christian School,73,Kamloops-Thompson,Independent,750 Cottonwood Ave,Kamloops,Standard School                         ,ELEMENTARY SECONDARY,YES,NO,NO,NO,50.69713896,-120.3683791,s,Independent,2019,Kamloops,41,0.0,8.2,0.0,67.8,7.3,95.1,9.7,5.2
2082,2019/2020,7965009,Cowichan Secondary,79,Cowichan Valley,Public,2652 James St,Duncan,Standard School                         ,SECONDARY,YES,YES,NO,NO,48.7812801,-123.7010846,Cowichan,Public,2019,Duncan,286,0.8,13.0,14.3,63.7,14.2,99.2,9.0,4.4
2083,2019/2020,7979047,Cowichan Open School,79,Cowichan Valley,Public,1033 Nagle St,Duncan,Standard School                         ,SECONDARY,NO,NO,NO,NO,48.78633207,-123.7164535,Cowichan,Public,2019,Duncan,286,0.8,13.0,14.3,63.7,14.2,99.2,9.0,4.4
2089,2019/2020,7996006,Shawnigan Lake,79,Cowichan Valley,Independent,1975 Renfrew Rd,Shawnigan Lake,Standard School                         ,SECONDARY,YES,NO,NO,NO,48.65735499,-123.6388876,Shawnigan Lake,Independent,2019,Shawnigan Lake,130,0.0,5.7,0.0,74.0,2.3,99.2,0.0,7.4
2090,2019/2020,7996956,St John's Academy Shawnigan Lake,79,Cowichan Valley,Independent,2371 Shawnigan Lake Road,Shawnigan Lake,Standard School                         ,ELEMENTARY SECONDARY,NO,NO,NO,NO,48.6360797,-123.630043,Shawnigan Lake,Independent,2019,Shawnigan Lake,130,0.0,5.7,0.0,74.0,2.3,99.2,0.0,7.4
