,Unnamed: 0,SCHOOL_YEAR,SCHOOL_NUMBER,SCHOOL_NAME,DISTRICT_NUMBER,DISTRICT_NAME,PUBLIC_OR_INDEPENDENT,STREET_ADDRESS,PHYSICAL_ADDRESS_CITY,FACILTY_TYPE,SCHOOL_EDUCATION_LEVEL,HAS_CORE_FRENCH,HAS_EARLY_FRENCH_IMMERSION,HAS_LATE_FRENCH_IMMERSION,HAS_PROG_FRANCOPHONE,SCHOOL_LATITUDE,SCHOOL_LONGITUDE,YEAR,LOCATION,ENROLMENT,PERCENT_ESL,PERCENT_SPECIAL_NEEDS,PERCENT_FRENCH_IMM,AVERAGE_EXAM_MARK,PERCENT_EXAMS_FAILED,PERCENT_GRAD,PERCENT_DELAYED,OVERALL,type_Public,combined_25_5,combined_50_10,combined_5_1,combined_10_2,combined_<5_1,prop_high_speed,CENSUS_ID,MEDIAN_INCOME,LOG_MEDIAN_INCOME
0,4,2019/2020,502001,Mount Baker Secondary,5,Southeast Kootenay,Public,1410 Baker St,Cranbrook,Standard School                         ,SECONDARY,YES,YES,NO,NO,49.51267668,-115.7608426,2019,Cranbrook,Gr 12 enrolment: 257,0.4,14.4,6.2,66.4,8.8,99.6,7.3,6.7,1,0.03887337057728119,0.7094972067039106,0.13012104283054005,0.014664804469273743,0.09217877094972067,0.7483705772811918,5901022,67942,11.126409679020474
1,9,2019/2020,505033,Elkford Elementary Secondary,5,Southeast Kootenay,Public,PO Box 910,Elkford,Standard School                         ,ELEMENTARY SECONDARY,YES,NO,NO,NO,50.00683982,-114.9306477,2019,Elkford,Gr 12 enrolment: 40,2.0,16.5,0.0,63.9,6.5,94.6,10.2,4.6,1,0.0625,0.9232954545454546,0.005681818181818182,0.0,0.0,0.9857954545454546,5901003,110379,11.611675177340205
2,14,2019/2020,505034,Fernie Secondary,5,Southeast Kootenay,Public,PO Box 370,Fernie,Standard School                         ,ELEMENTARY SECONDARY,YES,YES,YES,NO,49.513593,-115.0531442,2019,Fernie,Gr 12 enrolment: 61,2.7,10.2,28.5,67.9,4.7,100.0,5.9,5.2,1,0.20122815304676428,0.6957959376476146,0.08691544638639584,0.0,0.0023618327822390174,0.8970240906943789,5901012,90112,11.408808620077659
3,19,2019/2020,505035,Sparwood Secondary,5,Southeast Kootenay,Public,PO Box 67,Sparwood,Standard School                         ,ELEMENTARY SECONDARY,YES,NO,NO,NO,49.7357264,-114.8915519,2019,Sparwood,Gr 12 enrolment: 40,0.8,17.2,0.0,65.2,6.4,95.0,11.3,4.9,1,0.125948406676783,0.795144157814871,0.004552352048558422,0.0,0.0,0.921092564491654,5901006,103538,11.547693974063035
4,24,2019/2020,603008,Selkirk Secondary School,6,Rocky Mountain,Public,405 Halpin St,Kimberley,Standard School                         ,SECONDARY,YES,NO,NO,NO,49.68724493,-115.9798422,2019,Kimberley,Gr 12 enrolment: 68,0.0,10.1,0.0,68.3,7.4,98.4,10.7,6.3,1,0.14838709677419354,0.6189753320683112,0.13434535104364326,0.0,0.03263757115749526,0.7673624288425047,5901028,67072,11.11352194824066
5,29,2019/2020,604015,David Thompson Secondary,6,Rocky Mountain,Public,1535 14th St Unit 1 RR 4,Invermere,Standard School                         ,SECONDARY,YES,NO,NO,NO,50.5022144,-116.0411422,2019,Invermere,Gr 12 enrolment: 70,0.7,8.8,0.0,67.2,10.5,100.0,16.8,5.9,1,0.08456414711844773,0.7778743121922965,0.06834636547929338,0.0,0.038227628149435276,0.8624384593107443,5901039,74606,11.21997621191204
6,34,2019/2020,618005,Golden Secondary,6,Rocky Mountain,Public,PO Box 1350,Golden,Standard School                         ,SECONDARY,YES,YES,NO,NO,51.2965518,-116.9496193,2019,Golden,Gr 12 enrolment: 51,0.0,12.9,21.3,69.0,4.4,97.8,19.5,5.7,1,0.1218405703175632,0.5469863901490603,0.32598833441348024,0.0,0.0,0.6688269604666235,5939007,74325,11.216202647866298
7,39,2019/2020,807013,L V Rogers Secondary,8,Kootenay Lake,Public,1002 Cottonwood St,Nelson,Standard School                         ,SECONDARY,YES,YES,NO,NO,49.50153609,-117.2723473,2019,Nelson,Gr 12 enrolment: 156,0.1,9.9,16.3,69.3,7.0,94.2,13.0,6.3,1,0.03336653386454183,0.7537350597609562,0.03610557768924303,0.12425298804780877,0.04282868525896414,0.787101593625498,5903015,56714,10.94577637281795
8,44,2019/2020,807025,Mount Sentinel Secondary,8,Kootenay Lake,Public,PO Box 99,South Slocan,Standard School                         ,ELEMENTARY SECONDARY,YES,NO,NO,NO,49.4463804,-117.5373076,2019,South Slocan,Gr 12 enrolment: 41,0.0,9.3,0.0,64.8,8.6,100.0,11.7,4.2,1,0.020289855072463767,0.6036231884057971,0.04057971014492753,0.3115942028985507,0.0014492753623188406,0.6239130434782608,5903052,44105,10.694328433692867
9,49,2019/2020,886007,Prince Charles Secondary,8,Kootenay Lake,Public,223 18th Ave S,Creston,Standard School                         ,SECONDARY,YES,NO,NO,NO,49.09443987,-116.5051821,2019,Creston,Gr 12 enrolment: 96,0.4,12.9,0.0,68.4,4.5,97.7,2.5,6.6,1,0.18640093786635403,0.5877295818679171,0.004689331770222743,0.2063305978898007,0.0,0.7741305197342712,5903004,46421,10.745507222034997
10,54,2019/2020,1919003,Revelstoke Secondary,19,Revelstoke,Public,Bag 5100,Revelstoke,Standard School                         ,SECONDARY,YES,NO,NO,NO,50.9910745,-118.1988367,2019,Revelstoke,Gr 12 enrolment: 88,0.8,20.3,0.0,72.4,0.0,100.0,14.3,7.7,1,0.1473851030110935,0.705229793977813,0.016904384574749076,0.02694136291600634,0.002641310089804543,0.8526148969889066,5939019,74659,11.220686358325834
11,59,2019/2020,2009010,Stanley Humphries Secondary,20,Kootenay-Columbia,Public,720 7 Ave,Castlegar,Standard School                         ,SECONDARY,YES,YES,NO,NO,49.3200625,-117.661008,2019,Castlegar,Gr 12 enrolment: 110,0.0,14.3,19.0,67.6,8.4,100.0,0.2,5.4,1,0.06832298136645963,0.8586043112897332,0.005480453050785532,0.05042016806722689,0.006211180124223602,0.9269272926561929,5903045,68800,11.138959023921435
12,64,2019/2020,2011012,J Lloyd Crowe Secondary,20,Kootenay-Columbia,Public,1300 Frances Moran Rd,Trail,Standard School                         ,SECONDARY,YES,YES,NO,NO,49.10215924,-117.6980923,2019,Trail,Gr 12 enrolment: 172,0.0,10.2,5.5,72.2,0.7,98.8,3.3,8.0,1,0.033996474439687736,0.8705615713925964,0.00528834046839587,0.05439435910350038,0.002266431629312516,0.9045580458322842,5905014,55424,10.922767991922107
13,69,2019/2020,2222007,W L Seaton Secondary,22,Vernon,Public,2701 41 Ave,Vernon,Standard School                         ,SECONDARY,YES,YES,NO,NO,50.2729109,-119.2679834,2019,Vernon,Gr 12 enrolment: 165,0.8,9.2,45.8,71.9,4.6,98.6,20.5,6.8,1,0.01059001512859304,0.9844931921331316,0.0007564296520423601,0.0022692889561270802,0.00037821482602118004,0.9950832072617246,5937014,59353,10.991257946359317
14,74,2019/2020,2222017,Vernon Secondary,22,Vernon,Public,2100-15th St,Vernon,Standard School                         ,SECONDARY,YES,NO,NO,NO,50.25761457,-119.2525325,2019,Vernon,Gr 12 enrolment: 194,0.5,8.4,0.0,69.1,6.1,95.0,11.2,5.9,1,0.007911392405063292,0.9920886075949367,0.0,0.0,0.0,1.0,5937014,59353,10.991257946359317
15,79,2019/2020,2222022,Kalamalka Secondary,22,Vernon,Public,7900 McClounie Rd,Vernon,Standard School                         ,SECONDARY,YES,NO,NO,NO,50.22296705,-119.2488864,2019,Vernon,Gr 12 enrolment: 112,0.0,9.8,0.0,70.2,2.7,100.0,17.7,6.9,1,0.04021937842778794,0.9414990859232175,0.018281535648994516,0.0,0.0,0.9817184643510054,5937010,95921,11.471280215001514
16,84,2019/2020,2222025,Clarence Fulton Secondary,22,Vernon,Public,2301 Fulton Rd,Vernon,Standard School                         ,ELEMENTARY SECONDARY,YES,NO,NO,NO,50.2493786,-119.3092733,2019,Vernon,Gr 12 enrolment: 137,0.0,11.9,0.0,66.2,6.4,97.2,14.0,6.2,1,0.09450633883980022,0.8432577794852094,0.016903572800614674,0.002689204763734153,0.0,0.9377641183250096,5937014,59353,10.991257946359317
17,89,2019/2020,2222027,Charles Bloom Elementary Secondary,22,Vernon,Public,PO Box 220,Lumby,Standard School                         ,ELEMENTARY SECONDARY,YES,NO,NO,NO,50.24996886,-118.9641854,2019,Lumby,Gr 12 enrolment: 56,0.0,12.2,0.0,67.7,10.2,100.0,15.2,5.6,1,0.3351145038167939,0.40381679389312974,0.0366412213740458,0.0015267175572519084,0.0,0.7389312977099236,5937005,58453,10.975978291502674
18,94,2019/2020,2323044,Rutland Senior Secondary,23,Central Okanagan,Public,705 Rutland Rd N,Kelowna,Standard School                         ,SECONDARY,YES,NO,NO,NO,49.8969396,-119.3837848,2019,Kelowna,Gr 12 enrolment: 390,2.6,12.7,0.1,66.3,9.0,97.4,6.8,6.1,1,0.025825825825825825,0.9459459459459459,0.016216216216216217,0.0006006006006006006,0.003303303303303303,0.9717717717717718,5935010,68627,11.136441322285153
19,99,2019/2020,2323051,Mount Boucherie Senior Secondary,23,Central Okanagan,Public,2751 Cameron Rd,West Kelowna,Standard School                         ,SECONDARY,YES,NO,NO,NO,49.8582874,-119.5844001,2019,West Kelowna,Gr 12 enrolment: 416,0.5,12.5,0.0,67.9,8.5,98.2,3.7,6.8,1,0.008525149190110827,0.9867860187553282,0.0025575447570332483,0.0014919011082693947,0.0,0.9953111679454391,5935029,83942,11.337881363146503
20,104,2019/2020,2323059,Okanagan Mission Secondary,23,Central Okanagan,Public,4544 Gordon Dr,Kelowna,Standard School                         ,SECONDARY,YES,NO,NO,NO,49.8185945,-119.4851097,2019,Kelowna,Gr 12 enrolment: 253,0.8,10.0,0.1,74.2,2.6,99.1,2.8,7.5,1,0.0030211480362537764,0.9963746223564954,0.0,0.0,0.0,0.9993957703927492,5935010,68627,11.136441322285153
21,109,2019/2020,2323076,Kelowna Secondary,23,Central Okanagan,Public,1079 Raymer Ave,Kelowna,Standard School                         ,SECONDARY,YES,YES,NO,NO,49.8640577,-119.4783557,2019,Kelowna,Gr 12 enrolment: 551,1.3,8.3,21.3,69.5,4.2,98.9,0.8,7.0,1,0.005017921146953405,0.9949820788530466,0.0,0.0,0.0,1.0,5935010,68627,11.136441322285153
22,114,2019/2020,2323080,George Elliot Secondary,23,Central Okanagan,Public,10241 Bottom Wood Lake Rd,Winfield,Standard School                         ,ELEMENTARY SECONDARY,YES,NO,NO,NO,50.03038078,-119.400767,2019,Winfield,Gr 12 enrolment: 161,0.3,13.1,0.0,71.7,4.5,98.6,3.0,7.1,1,0.02839396628216504,0.9667258207630879,0.0026619343389529724,0.00044365572315882877,0.001774622892635315,0.995119787045253,5935016,83243,11.32951932022334
23,119,2019/2020,2396013,Immaculata Regional High School,23,Central Okanagan,Independent,1493 K.L.O. Rd,Kelowna,Standard School                         ,SECONDARY,YES,NO,NO,NO,49.86037865,-119.4656809,2019,Kelowna,Gr 12 enrolment: 45,0.4,6.3,0.8,74.4,2.6,97.7,0.0,7.9,0,0.0017809439002671415,0.9982190560997328,0.0,0.0,0.0,1.0,5935010,68627,11.136441322285153
24,124,2019/2020,2396825,Aberdeen Hall Senior,23,Central Okanagan,Independent,890 Academy Way,Kelowna,Standard School                         ,ELEMENTARY SECONDARY,YES,NO,NO,NO,49.9345587,-119.4026296,2019,Kelowna,Gr 12 enrolment: 44,0.0,9.7,0.0,74.7,2.4,100.0,3.5,7.9,0,0.02055877701634159,0.9757511860832894,0.0005271481286241434,0.0031628887717448603,0.0,0.9963099630996309,5935010,68627,11.136441322285153
25,129,2019/2020,2727056,Peter Skene Ogden Secondary,27,Cariboo-Chilcotin,Public,PO Box 910,100 Mile House,Standard School                         ,SECONDARY,YES,YES,NO,NO,51.637295,-121.3017027,2019,100 Mile House,Gr 12 enrolment: 127,2.9,12.7,8.4,66.0,8.5,96.9,31.5,4.9,1,0.333505021890291,0.22147823847540563,0.03579706412567602,0.1321143445789338,0.0012876641771825909,0.5549832603656967,5941005,43136,10.67211319427198
26,134,2019/2020,2727072,Lake City Secondary,27,Cariboo-Chilcotin,Public,640 Carson Drive,Williams Lake,Standard School                         ,ELEMENTARY SECONDARY,YES,YES,NO,NO,52.13645719,-122.1407661,2019,Williams Lake,Gr 12 enrolment: 212,5.8,9.8,3.8,69.2,7.2,90.7,23.2,5.8,1,0.0724269377382465,0.47878017789072425,0.06175349428208386,0.0025412960609911056,0.03202033036848793,0.5512071156289707,5941009,68831,11.13940950383547
27,139,2019/2020,2828034,Correlieu Secondary School,28,Quesnel,Public,850 Anderson Dr,Quesnel,Standard School                         ,SECONDARY,YES,YES,NO,NO,52.96707585,-122.5165789,2019,Quesnel,Gr 12 enrolment: 223,0.0,14.3,3.2,65.0,10.4,97.1,24.8,5.5,1,0.32036180058897773,0.5159865376525031,0.00357593605384939,0.0,0.002103491796381994,0.8363483382414809,5941013,59088,10.986783137092344
28,144,2019/2020,3333012,Chilliwack Secondary,33,Chilliwack,Public,46363 Yale Rd,Chilliwack,Standard School                         ,SECONDARY,YES,NO,NO,NO,49.17662007,-121.942509,2019,Chilliwack,Gr 12 enrolment: 391,2.0,15.8,0.0,67.1,9.1,93.7,28.8,5.0,1,0.05213730569948186,0.9245466321243523,0.0025906735751295338,0.0,0.006476683937823834,0.9766839378238341,5909020,67800,11.124317473928487
29,149,2019/2020,3333018,Sardis Secondary,33,Chilliwack,Public,45460 Stevenson Rd,Chilliwack,Standard School                         ,SECONDARY,YES,YES,NO,NO,49.12166539,-121.9675885,2019,Chilliwack,Gr 12 enrolment: 410,1.1,12.4,16.9,68.6,7.1,99.2,4.2,6.8,1,0.10063224446786091,0.898840885142255,0.0005268703898840885,0.0,0.0,0.9994731296101159,5909020,67800,11.124317473928487
30,154,2019/2020,3333044,GW Graham Secondary,33,Chilliwack,Public,45955 Thomas Rd,Chilliwack,Standard School                         ,SECONDARY,YES,NO,NO,NO,49.10743438,-121.9529557,2019,Chilliwack,Gr 12 enrolment: 228,0.7,13.1,0.0,70.2,5.0,94.8,9.3,6.0,1,0.1048723897911833,0.8366589327146172,0.04083526682134571,0.0,0.008816705336426913,0.9415313225058005,5909020,67800,11.124317473928487
31,159,2019/2020,3434022,Abbotsford Senior Secondary School,34,Abbotsford,Public,33355 Bevan  Ave,Abbotsford,Standard School                         ,SECONDARY,YES,NO,NO,NO,49.04359461,-122.3001517,2019,Abbotsford,Gr 12 enrolment: 272,4.1,12.2,0.0,64.9,13.5,95.1,13.3,5.4,1,0.0,1.0,0.0,0.0,0.0,1.0,5909052,72511,11.191493553471755
32,164,2019/2020,3434038,Yale Secondary,34,Abbotsford,Public,34620 Old Yale Rd,Abbotsford,Standard School                         ,SECONDARY,YES,NO,NO,NO,49.0479384,-122.264393,2019,Abbotsford,Gr 12 enrolment: 325,0.9,11.1,0.0,70.9,7.2,98.0,0.0,6.8,1,0.046618516086671044,0.9481286933683519,0.0006565988181221273,0.0,0.0,0.9947472094550229,5909052,72511,11.191493553471755
33,169,2019/2020,3434041,W J Mouat Secondary,34,Abbotsford,Public,32355 Mouat Dr,Abbotsford,Standard School                         ,SECONDARY,YES,YES,NO,NO,49.05942223,-122.3278132,2019,Abbotsford,Gr 12 enrolment: 379,4.6,10.7,26.1,66.3,12.2,96.3,11.7,4.9,1,0.0,1.0,0.0,0.0,0.0,1.0,5909052,72511,11.191493553471755
34,174,2019/2020,3434052,Rick Hansen Secondary,34,Abbotsford,Public,31150 Blueridge Dr,Abbotsford,Standard School                         ,SECONDARY,YES,NO,NO,NO,49.06704839,-122.3617768,2019,Abbotsford,Gr 12 enrolment: 163,8.7,11.5,0.0,65.8,5.8,98.6,11.7,5.8,1,0.0013966480446927375,0.9986033519553073,0.0,0.0,0.0,1.0,5909052,72511,11.191493553471755
35,179,2019/2020,3434054,Robert Bateman Secondary,34,Abbotsford,Public,35045 Exbury Ave,Abbotsford,Standard School                         ,SECONDARY,YES,NO,NO,NO,49.06925753,-122.2543205,2019,Abbotsford,Gr 12 enrolment: 269,0.3,14.6,0.0,70.6,4.4,98.6,13.1,7.3,1,0.09126466753585398,0.8852672750977836,0.01955671447196871,0.0,0.0,0.9765319426336375,5909052,72511,11.191493553471755
36,184,2019/2020,3496069,Abbotsford Christian School,34,Abbotsford,Independent,35011 Old Clayburn Rd,Abbotsford,Standard School                         ,ELEMENTARY SECONDARY,YES,NO,NO,NO,49.06335097,-122.2540526,2019,Abbotsford,Gr 12 enrolment: 84,0.0,11.2,0.0,72.1,1.4,100.0,0.0,8.2,0,0.12956810631229235,0.8471760797342193,0.021040974529346623,0.0,0.0,0.9767441860465116,5909052,72511,11.191493553471755
37,189,2019/2020,3496425,Dasmesh Punjabi School,34,Abbotsford,Independent,5930 Riverside St,Abbotsford,Standard School                         ,ELEMENTARY SECONDARY,YES,NO,NO,NO,49.11038921,-122.2929778,2019,Abbotsford,Gr 12 enrolment: 30,0.0,1.2,0.0,75.6,0.0,100.0,2.3,8.6,0,0.20417633410672853,0.7587006960556845,0.0,0.0,0.0,0.962877030162413,5909052,72511,11.191493553471755
38,194,2019/2020,3496595,St John Brebeuf,34,Abbotsford,Independent,2747 Townline Rd,Abbotsford,Standard School                         ,SECONDARY,YES,NO,NO,NO,49.05180339,-122.3622852,2019,Abbotsford,Gr 12 enrolment: 73,18.3,10.2,0.0,68.5,14.5,97.0,12.6,4.7,0,0.002127659574468085,0.9968085106382979,0.0,0.0,0.0,0.9989361702127659,5909052,72511,11.191493553471755
39,199,2019/2020,3535019,Langley Secondary,35,Langley,Public,21405 56 Ave,Langley,Standard School                         ,SECONDARY,YES,NO,NO,NO,49.10523838,-122.6308214,2019,Langley,Gr 12 enrolment: 250,4.6,15.4,0.0,62.8,19.8,96.6,20.2,2.8,1,0.0,1.0,0.0,0.0,0.0,1.0,5915001,90594,11.414143264672525
40,204,2019/2020,3535020,Aldergrove Community Secondary,35,Langley,Public,26850 29 Ave,Aldergrove,Standard School                         ,SECONDARY,YES,NO,NO,NO,49.05454782,-122.4805906,2019,Aldergrove,Gr 12 enrolment: 158,1.5,15.8,0.0,60.6,17.7,95.2,11.5,4.1,1,0.003863134657836645,0.9933774834437086,0.002207505518763797,0.0,0.0005518763796909492,0.9972406181015452,5915001,90594,11.414143264672525
41,209,2019/2020,3535029,Langley Fine Arts School,35,Langley,Public,9096 Trattle St,Fort Langley,Standard School                         ,ELEMENTARY SECONDARY,YES,NO,NO,NO,49.16827432,-122.5875755,2019,Fort Langley,Gr 12 enrolment: 112,1.3,6.8,0.0,73.7,7.3,99.1,3.8,6.9,1,0.0,0.9790209790209791,0.01048951048951049,0.0,0.0017482517482517483,0.9790209790209791,5915001,90594,11.414143264672525
42,214,2019/2020,3535034,D W Poppy Secondary,35,Langley,Public,23752 52 Ave,Langley,Standard School                         ,SECONDARY,YES,NO,NO,NO,49.09609577,-122.5658698,2019,Langley,Gr 12 enrolment: 204,0.0,18.8,0.0,66.5,10.7,95.9,12.0,5.1,1,0.0,1.0,0.0,0.0,0.0,1.0,5915001,90594,11.414143264672525
43,219,2019/2020,3535050,Walnut Grove Secondary,35,Langley,Public,8919 Walnut Grove Dr,Langley,Standard School                         ,SECONDARY,YES,YES,NO,NO,49.16558914,-122.6410994,2019,Langley,Gr 12 enrolment: 390,0.8,11.6,17.0,72.4,3.1,98.1,0.4,7.6,1,0.0012371134020618556,0.996701030927835,0.0004123711340206186,0.0,0.0016494845360824743,0.9979381443298969,5915001,90594,11.414143264672525
44,224,2019/2020,3535056,Langley Fundamental Middle/Secondary Sch,35,Langley,Public,21250 42 Ave,Langley,Standard School                         ,ELEMENTARY SECONDARY,YES,NO,NO,NO,49.0779818,-122.6348359,2019,Langley,Gr 12 enrolment: 105,0.1,11.5,0.0,72.6,4.8,100.0,3.9,7.8,1,0.0,0.9981941309255079,0.0,0.0,0.0009029345372460496,0.9981941309255079,5915001,90594,11.414143264672525
45,229,2019/2020,3596289,Credo Christian Schools,35,Langley,Independent,21846 52 Ave,Langley,Standard School                         ,ELEMENTARY SECONDARY,YES,NO,NO,NO,49.0957102,-122.6171619,2019,Langley,Gr 12 enrolment: 61,0.0,6.6,0.0,68.6,3.6,98.3,3.2,7.0,0,0.0,1.0,0.0,0.0,0.0,1.0,5915001,90594,11.414143264672525
46,234,2019/2020,3596311,Langley Christian,35,Langley,Independent,22930 48 Ave,Langley,Standard School                         ,ELEMENTARY SECONDARY,YES,NO,NO,NO,49.08856625,-122.5893988,2019,Langley,Gr 12 enrolment: 76,0.0,7.2,0.0,70.8,2.7,100.0,4.2,7.1,0,0.0,1.0,0.0,0.0,0.0,1.0,5915001,90594,11.414143264672525
47,239,2019/2020,3636022,Queen Elizabeth Secondary,36,Surrey,Public,9457 King George Blvd,Surrey,Standard School                         ,SECONDARY,YES,NO,NO,NO,49.17462301,-122.8473212,2019,Surrey,Gr 12 enrolment: 288,6.1,10.2,0.0,63.9,18.9,91.9,23.9,2.6,1,0.0,1.0,0.0,0.0,0.0,1.0,5915004,77494,11.257955792989566
48,244,2019/2020,3636028,North Surrey Secondary,36,Surrey,Public,15945 96 Ave,Surrey,Standard School                         ,SECONDARY,YES,NO,NO,NO,49.1783541,-122.7804005,2019,Surrey,Gr 12 enrolment: 299,6.5,11.5,0.0,67.2,8.0,96.6,8.9,5.9,1,0.0,1.0,0.0,0.0,0.0,1.0,5915004,77494,11.257955792989566
49,249,2019/2020,3636041,Lord Tweedsmuir Secondary,36,Surrey,Public,6151 180 St,Surrey,Standard School                         ,SECONDARY,YES,YES,NO,NO,49.11497906,-122.7245186,2019,Surrey,Gr 12 enrolment: 395,1.8,14.5,2.8,69.9,3.6,95.2,11.7,6.6,1,0.0,0.9995513683266039,0.0,0.0,0.00044863167339614175,0.9995513683266039,5915004,77494,11.257955792989566
50,254,2019/2020,3636045,Johnston Heights Secondary,36,Surrey,Public,15350 99 Ave,Surrey,Standard School                         ,SECONDARY,YES,NO,NO,NO,49.18201273,-122.7972696,2019,Surrey,Gr 12 enrolment: 320,12.7,12.8,0.0,70.0,6.5,97.6,10.0,7.0,1,0.0,1.0,0.0,0.0,0.0,1.0,5915004,77494,11.257955792989566
51,259,2019/2020,3636047,Guildford Park Secondary,36,Surrey,Public,10707 146 St,Surrey,Standard School                         ,SECONDARY,YES,NO,NO,NO,49.19721724,-122.8186065,2019,Surrey,Gr 12 enrolment: 288,21.1,17.6,0.0,64.4,12.9,94.0,17.8,4.9,1,0.0,0.9911504424778761,0.008849557522123894,0.0,0.0,0.9911504424778761,5915004,77494,11.257955792989566
52,264,2019/2020,3636049,Semiahmoo Secondary,36,Surrey,Public,1785 148 St,Surrey,Standard School                         ,SECONDARY,YES,NO,NO,NO,49.0351116,-122.8129712,2019,Surrey,Gr 12 enrolment: 353,10.8,8.6,0.0,74.1,4.7,98.5,7.1,7.2,1,0.0,1.0,0.0,0.0,0.0,1.0,5915004,77494,11.257955792989566
53,269,2019/2020,3636079,L A Matheson Secondary,36,Surrey,Public,9484 122 St,Surrey,Standard School                         ,SECONDARY,YES,NO,NO,NO,49.17536488,-122.8834549,2019,Surrey,Gr 12 enrolment: 233,10.9,13.7,0.0,62.6,14.2,91.7,23.0,3.5,1,0.0,1.0,0.0,0.0,0.0,1.0,5915004,77494,11.257955792989566
54,274,2019/2020,3636105,Earl Marriott Secondary,36,Surrey,Public,15751 16 Ave,Surrey,Standard School                         ,SECONDARY,YES,YES,NO,NO,49.03164575,-122.7854438,2019,Surrey,Gr 12 enrolment: 317,3.1,11.3,23.5,68.4,8.4,98.3,7.8,5.9,1,0.0005810575246949448,0.9877977919814062,0.011621150493898896,0.0,0.0,0.9883788495061011,5915004,77494,11.257955792989566
55,279,2019/2020,3636106,Frank Hurt Secondary,36,Surrey,Public,13940 77 Ave,Surrey,Standard School                         ,SECONDARY,YES,NO,NO,NO,49.14230928,-122.8359391,2019,Surrey,Gr 12 enrolment: 274,21.0,12.9,0.0,65.2,12.4,94.2,20.6,5.2,1,0.0,1.0,0.0,0.0,0.0,1.0,5915004,77494,11.257955792989566
56,284,2019/2020,3636114,Enver Creek Secondary,36,Surrey,Public,14505 84 Ave,Surrey,Standard School                         ,SECONDARY,YES,NO,NO,NO,49.1558268,-122.8202437,2019,Surrey,Gr 12 enrolment: 282,6.9,9.8,0.0,67.4,8.9,98.0,8.2,5.5,1,0.0,1.0,0.0,0.0,0.0,1.0,5915004,77494,11.257955792989566
57,289,2019/2020,3636141,Fraser Heights Secondary,36,Surrey,Public,16060 108 Ave,Surrey,Standard School                         ,SECONDARY,YES,NO,NO,NO,49.197924,-122.7769818,2019,Surrey,Gr 12 enrolment: 294,6.5,9.0,0.0,72.0,6.6,97.4,7.4,7.1,1,0.0,0.9989658738366081,0.0,0.0,0.0,0.9989658738366081,5915004,77494,11.257955792989566
58,294,2019/2020,3636150,Tamanawis Secondary,36,Surrey,Public,12600 66 Ave,Surrey,Standard School                         ,SECONDARY,YES,NO,NO,NO,49.12210518,-122.8715022,2019,Surrey,Gr 12 enrolment: 304,9.9,8.2,0.0,66.7,9.2,95.7,11.3,5.3,1,0.0,0.9991181657848325,0.0,0.0,0.0,0.9991181657848325,5915004,77494,11.257955792989566
59,299,2019/2020,3636156,Elgin Park Secondary,36,Surrey,Public,13484 24 Ave,Surrey,Standard School                         ,SECONDARY,YES,NO,NO,NO,49.04485284,-122.8486418,2019,Surrey,Gr 12 enrolment: 261,9.5,12.0,0.0,71.0,6.9,98.7,5.8,6.7,1,0.0,0.9776867030965392,0.022313296903460837,0.0,0.0,0.9776867030965392,5915004,77494,11.257955792989566
60,304,2019/2020,3636164,Sullivan Heights Secondary,36,Surrey,Public,6248 144 St,Surrey,Standard School                         ,SECONDARY,YES,NO,NO,NO,49.11641756,-122.8217431,2019,Surrey,Gr 12 enrolment: 329,7.1,9.0,0.0,68.4,7.5,95.4,11.3,5.5,1,0.0,0.9501018329938901,0.04684317718940937,0.0,0.0,0.9501018329938901,5915004,77494,11.257955792989566
61,309,2019/2020,3636167,Fleetwood Park Secondary,36,Surrey,Public,7940 156 St,Surrey,Standard School                         ,SECONDARY,YES,NO,NO,NO,49.14779053,-122.7888756,2019,Surrey,Gr 12 enrolment: 304,9.1,9.3,0.0,70.3,5.2,96.8,8.9,7.0,1,0.0,1.0,0.0,0.0,0.0,1.0,5915004,77494,11.257955792989566
62,314,2019/2020,3636175,Clayton Heights Secondary,36,Surrey,Public,7003 188 St,Surrey,Standard School                         ,SECONDARY,YES,NO,NO,NO,49.12907463,-122.7032007,2019,Surrey,Gr 12 enrolment: 278,5.0,13.9,0.0,67.3,10.1,95.8,11.0,5.4,1,0.0007209805335255948,0.9985580389329488,0.0,0.0,0.0007209805335255948,0.9992790194664745,5915004,77494,11.257955792989566
63,319,2019/2020,3636232,Panorama Ridge Secondary,36,Surrey,Public,13220 64 Ave,Surrey,Standard School                         ,SECONDARY,YES,YES,NO,NO,49.11814368,-122.8551692,2019,Surrey,Gr 12 enrolment: 304,5.3,8.1,12.6,68.2,8.1,97.2,6.7,6.1,1,0.0,0.989247311827957,0.0,0.0,0.0,0.989247311827957,5915004,77494,11.257955792989566
64,324,2019/2020,3636246,Princess Margaret Secondary,36,Surrey,Public,12870 72 Ave,Surrey,Standard School                         ,SECONDARY,YES,NO,NO,NO,49.13179769,-122.8657613,2019,Surrey,Gr 12 enrolment: 278,17.9,10.4,0.0,65.5,10.9,91.9,18.0,4.2,1,0.0,1.0,0.0,0.0,0.0,1.0,5915004,77494,11.257955792989566
65,329,2019/2020,3636248,Kwantlen Park Secondary,36,Surrey,Public,10441 132 St,Surrey,Standard School                         ,SECONDARY,YES,YES,NO,NO,49.19251433,-122.8577438,2019,Surrey,Gr 12 enrolment: 273,11.3,10.8,17.5,66.3,12.3,89.4,21.1,3.3,1,0.0,0.9965546942291128,0.0034453057708871662,0.0,0.0,0.9965546942291128,5915004,77494,11.257955792989566
66,334,2019/2020,3696166,Holy Cross Regional High School,36,Surrey,Independent,16193 88 Ave,Surrey,Standard School                         ,SECONDARY,YES,NO,NO,NO,49.16397577,-122.7751833,2019,Surrey,Gr 12 enrolment: 164,0.0,8.2,0.0,69.6,2.5,100.0,0.7,6.8,0,0.0,1.0,0.0,0.0,0.0,1.0,5915004,77494,11.257955792989566
67,339,2019/2020,3696266,Surrey Christian,36,Surrey,Independent,8930-162 St,Surrey,Standard School                         ,ELEMENTARY SECONDARY,YES,NO,NO,NO,49.16417683,-122.7726238,2019,Surrey,Gr 12 enrolment: 107,1.9,8.7,0.1,70.7,7.7,100.0,4.9,6.4,0,0.0,1.0,0.0,0.0,0.0,1.0,5915004,77494,11.257955792989566
68,344,2019/2020,3696394,Pacific Academy,36,Surrey,Independent,10238 168 St,Surrey,Standard School                         ,ELEMENTARY SECONDARY,YES,NO,NO,NO,49.18886767,-122.7552654,2019,Surrey,Gr 12 enrolment: 115,1.0,7.0,0.0,77.2,0.9,100.0,1.4,8.7,0,0.0,0.9758308157099698,0.00906344410876133,0.0,0.004531722054380665,0.9758308157099698,5915004,77494,11.257955792989566
69,349,2019/2020,3696476,Regent Christian Academy,36,Surrey,Independent,15100 66A Ave,Surrey,Standard School                         ,ELEMENTARY SECONDARY,YES,NO,NO,NO,49.12247027,-122.8041244,2019,Surrey,Gr 12 enrolment: 54,0.3,5.0,0.0,68.9,13.7,96.2,2.5,5.3,0,0.0,1.0,0.0,0.0,0.0,1.0,5915004,77494,11.257955792989566
70,354,2019/2020,3696585,Khalsa Secondary School (Surrey),36,Surrey,Independent,10589 124 St,Surrey,Standard School                         ,SECONDARY,YES,NO,NO,NO,49.19428758,-122.8790186,2019,Surrey,Gr 12 enrolment: 55,0.0,0.6,0.0,67.2,10.0,98.1,11.5,4.4,0,0.01358695652173913,0.9415760869565217,0.04483695652173913,0.0,0.0,0.9551630434782609,5915004,77494,11.257955792989566
71,359,2019/2020,3696610,Southridge School,36,Surrey,Independent,2656 160 St,Surrey,Standard School                         ,ELEMENTARY SECONDARY,YES,NO,NO,NO,49.05064637,-122.7761638,2019,Surrey,Gr 12 enrolment: 70,0.0,6.2,0.0,85.4,0.0,100.0,0.0,10.0,0,0.0,0.9980343980343981,0.0004914004914004914,0.0,0.0014742014742014742,0.9980343980343981,5915004,77494,11.257955792989566
72,364,2019/2020,3737003,Delta Secondary,37,Delta,Public,4615 51 St,Delta,Standard School                         ,SECONDARY,YES,NO,NO,NO,49.08615943,-123.0841377,2019,Delta,Gr 12 enrolment: 245,1.1,21.3,0.3,66.1,7.6,97.6,7.7,6.3,1,0.020624303232998884,0.9777034559643255,0.0,0.0,0.0,0.9983277591973244,5915011,92300,11.432799420490943
73,369,2019/2020,3737012,North Delta Secondary,37,Delta,Public,11447 82 Ave,Delta,Standard School                         ,SECONDARY,YES,NO,NO,NO,49.1531698,-122.9049721,2019,Delta,Gr 12 enrolment: 225,6.5,12.5,0.0,65.2,11.7,94.8,12.4,4.9,1,0.0,1.0,0.0,0.0,0.0,1.0,5915011,92300,11.432799420490943
74,374,2019/2020,3737021,Delview Secondary,37,Delta,Public,9111 116 St,Delta,Standard School                         ,SECONDARY,YES,NO,NO,NO,49.16909079,-122.9023101,2019,Delta,Gr 12 enrolment: 133,3.9,17.9,0.0,66.5,7.6,100.0,1.1,6.7,1,0.0,1.0,0.0,0.0,0.0,1.0,5915011,92300,11.432799420490943
75,379,2019/2020,3737034,Burnsview Secondary,37,Delta,Public,7658 112 St,Delta,Standard School                         ,SECONDARY,YES,YES,NO,NO,49.14179638,-122.9116716,2019,Delta,Gr 12 enrolment: 143,5.9,10.1,41.7,68.5,7.2,98.5,5.0,6.4,1,0.0,1.0,0.0,0.0,0.0,1.0,5915011,92300,11.432799420490943
76,384,2019/2020,3737037,South Delta Secondary,37,Delta,Public,750 53 St,Delta,Standard School                         ,SECONDARY,YES,YES,NO,NO,49.01669018,-123.0758668,2019,Delta,Gr 12 enrolment: 307,1.1,15.4,24.6,67.0,7.6,97.7,15.2,5.1,1,0.0,0.9564541213063764,0.0,0.0,0.04354587869362364,0.9564541213063764,5915011,92300,11.432799420490943
77,389,2019/2020,3737038,Sands Secondary,37,Delta,Public,10840 82 Ave,Delta,Standard School                         ,SECONDARY,YES,NO,NO,NO,49.15166039,-122.922406,2019,Delta,Gr 12 enrolment: 141,2.2,16.9,0.0,67.6,5.0,95.6,4.8,6.0,1,0.0,0.9798850574712644,0.020114942528735632,0.0,0.0,0.9798850574712644,5915011,92300,11.432799420490943
78,394,2019/2020,3737040,Seaquam Secondary,37,Delta,Public,11584 Lyon Rd,Delta,Standard School                         ,SECONDARY,YES,NO,NO,NO,49.12680593,-122.9022507,2019,Delta,Gr 12 enrolment: 311,1.4,11.2,0.1,69.9,7.9,98.0,7.2,6.3,1,0.0016515276630883566,0.9925681255161024,0.00495458298926507,0.0,0.0,0.9942196531791908,5915011,92300,11.432799420490943
79,399,2019/2020,3796694,Southpointe Academy,37,Delta,Independent,1900 56 St,Delta,Standard School                         ,ELEMENTARY SECONDARY,YES,NO,NO,NO,49.03709554,-123.0680846,2019,Delta,Gr 12 enrolment: 38,0.0,2.3,0.0,78.0,0.0,100.0,0.0,9.1,0,0.04216867469879518,0.9578313253012049,0.0,0.0,0.0,1.0,5915011,92300,11.432799420490943
80,404,2019/2020,3838024,R C Palmer Secondary,38,Richmond,Public,8160 St. Albans Rd,Richmond,Standard School                         ,SECONDARY,YES,NO,NO,NO,49.15408002,-123.1294812,2019,Richmond,Gr 12 enrolment: 139,15.6,8.9,0.0,74.6,1.0,94.3,17.1,7.5,1,0.0,1.0,0.0,0.0,0.0,1.0,5915015,65241,11.085843384637098
81,409,2019/2020,3838031,Hugh Boyd Secondary,38,Richmond,Public,9200 No. 1 Rd,Richmond,Standard School                         ,SECONDARY,YES,NO,NO,NO,49.1457787,-123.1785363,2019,Richmond,Gr 12 enrolment: 157,10.2,17.1,0.0,67.2,12.7,94.3,16.5,4.1,1,0.0,1.0,0.0,0.0,0.0,1.0,5915015,65241,11.085843384637098
82,414,2019/2020,3838033,Hugh McRoberts Secondary,38,Richmond,Public,8980 Williams Rd,Richmond,Standard School                         ,SECONDARY,YES,YES,NO,NO,49.1401466,-123.126686,2019,Richmond,Gr 12 enrolment: 190,7.3,6.2,40.7,73.3,2.4,98.9,7.6,8.1,1,0.0,1.0,0.0,0.0,0.0,1.0,5915015,65241,11.085843384637098
83,419,2019/2020,3838042,J N Burnett Secondary,38,Richmond,Public,5011 Granville Ave,Richmond,Standard School                         ,SECONDARY,YES,NO,NO,NO,49.16377222,-123.1691977,2019,Richmond,Gr 12 enrolment: 227,12.6,7.0,0.0,68.5,8.7,97.8,7.9,5.3,1,0.0019821605550049554,0.998017839444995,0.0,0.0,0.0,1.0,5915015,65241,11.085843384637098
84,424,2019/2020,3838044,Matthew McNair Secondary,38,Richmond,Public,9500 No. 4 Rd,Richmond,Standard School                         ,SECONDARY,YES,NO,NO,NO,49.14228188,-123.112997,2019,Richmond,Gr 12 enrolment: 206,5.8,13.5,0.0,68.1,9.1,91.2,14.5,5.4,1,0.0,1.0,0.0,0.0,0.0,1.0,5915015,65241,11.085843384637098
85,429,2019/2020,3838045,Steveston-London Secondary,38,Richmond,Public,6600 Williams Rd,Richmond,Standard School                         ,SECONDARY,YES,NO,NO,NO,49.13905161,-123.1498663,2019,Richmond,Gr 12 enrolment: 281,12.5,5.3,0.0,71.2,8.1,96.6,5.9,6.2,1,0.0,1.0,0.0,0.0,0.0,1.0,5915015,65241,11.085843384637098
86,434,2019/2020,3838058,Cambie Secondary,38,Richmond,Public,4151 Jacombs Rd,Richmond,Standard School                         ,SECONDARY,YES,NO,NO,NO,49.18340042,-123.0815928,2019,Richmond,Gr 12 enrolment: 122,9.0,11.4,0.0,67.8,4.4,96.3,11.8,6.6,1,0.0015552099533437014,0.9502332814930016,0.04821150855365474,0.0,0.0,0.9517884914463453,5915015,65241,11.085843384637098
87,439,2019/2020,3838062,Robert Alexander McMath Secondary,38,Richmond,Public,4251 Garry St,Richmond,Standard School                         ,SECONDARY,YES,YES,NO,NO,49.13072133,-123.1789291,2019,Richmond,Gr 12 enrolment: 250,3.3,6.0,35.7,72.1,2.6,98.7,6.9,7.8,1,0.007797270955165692,0.9873294346978557,0.0,0.0,0.0,0.9951267056530214,5915015,65241,11.085843384637098
88,444,2019/2020,3838064,A.R. MacNeill Secondary,38,Richmond,Public,6611 No. 4 Rd,Richmond,Standard School                         ,SECONDARY,YES,NO,NO,NO,49.16444933,-123.1159225,2019,Richmond,Gr 12 enrolment: 163,12.2,10.6,0.0,66.1,11.0,91.0,16.0,4.3,1,0.0,0.9988851727982163,0.0011148272017837235,0.0,0.0,0.9988851727982163,5915015,65241,11.085843384637098
89,449,2019/2020,3838065,Richmond Secondary,38,Richmond,Public,7171 Minoru Blvd,Richmond,Standard School                         ,SECONDARY,YES,NO,NO,NO,49.1613099,-123.1427179,2019,Richmond,Gr 12 enrolment: 323,16.2,4.4,0.2,71.1,4.7,97.4,9.2,5.9,1,0.002849002849002849,0.9943019943019943,0.002849002849002849,0.0,0.0,0.9971509971509971,5915015,65241,11.085843384637098
90,454,2019/2020,3896178,Richmond Christian School,38,Richmond,Independent,10200 No 5 Rd,Richmond,Standard School                         ,ELEMENTARY SECONDARY,YES,NO,NO,NO,49.13731827,-123.0911554,2019,Richmond,Gr 12 enrolment: 80,0.0,6.3,0.0,82.2,0.0,98.7,2.1,9.9,0,0.002577319587628866,0.9278350515463918,0.04639175257731959,0.0,0.007731958762886598,0.9304123711340206,5915015,65241,11.085843384637098
91,459,2019/2020,3939001,King George Secondary,39,Vancouver,Public,1755 Barclay St,Vancouver,Standard School                         ,SECONDARY,YES,NO,NO,NO,49.29015333,-123.1361088,2019,Vancouver,Gr 12 enrolment: 80,6.0,11.5,0.0,67.1,9.6,93.9,22.7,4.7,1,0.009950248756218905,0.9519071310116086,0.03814262023217247,0.0,0.0,0.9618573797678275,5915022,65327,11.087160706070168
92,464,2019/2020,3939003,Magee Secondary,39,Vancouver,Public,6360 Maple St,Vancouver,Standard School                         ,SECONDARY,YES,NO,NO,NO,49.22899467,-123.1514615,2019,Vancouver,Gr 12 enrolment: 258,5.4,9.2,0.0,72.6,3.4,97.8,8.4,7.2,1,0.0,1.0,0.0,0.0,0.0,1.0,5915022,65327,11.087160706070168
93,469,2019/2020,3939004,Britannia Community Secondary,39,Vancouver,Public,1001 Cotton Dr,Vancouver,Standard School                         ,SECONDARY,YES,NO,NO,NO,49.27528959,-123.0711863,2019,Vancouver,Gr 12 enrolment: 164,1.6,29.1,0.2,66.4,13.2,96.7,26.8,4.5,1,0.0,0.9982905982905983,0.0017094017094017094,0.0,0.0,0.9982905982905983,5915022,65327,11.087160706070168
94,474,2019/2020,3939006,Kitsilano Secondary,39,Vancouver,Public,2706 Trafalgar St,Vancouver,Standard School                         ,SECONDARY,YES,YES,NO,NO,49.26241661,-123.163662,2019,Vancouver,Gr 12 enrolment: 256,1.5,13.6,37.4,71.5,3.8,97.2,13.1,6.6,1,0.0,1.0,0.0,0.0,0.0,1.0,5915022,65327,11.087160706070168
95,479,2019/2020,3939007,John Oliver Secondary,39,Vancouver,Public,530 41st Ave E,Vancouver,Standard School                         ,SECONDARY,YES,NO,NO,NO,49.23242989,-123.0934574,2019,Vancouver,Gr 12 enrolment: 228,21.4,15.7,0.0,65.1,7.6,95.3,28.1,5.2,1,0.0,1.0,0.0,0.0,0.0,1.0,5915022,65327,11.087160706070168
96,484,2019/2020,3939008,Lord Byng Secondary,39,Vancouver,Public,3939 16th Ave W,Vancouver,Standard School                         ,SECONDARY,YES,NO,NO,NO,49.25851699,-123.1924906,2019,Vancouver,Gr 12 enrolment: 235,5.1,8.9,0.0,75.8,1.7,100.0,0.8,8.4,1,0.0,1.0,0.0,0.0,0.0,1.0,5915022,65327,11.087160706070168
97,489,2019/2020,3939010,Templeton Secondary,39,Vancouver,Public,727 Templeton Dr,Vancouver,Standard School                         ,SECONDARY,YES,NO,NO,NO,49.27792305,-123.060861,2019,Vancouver,Gr 12 enrolment: 158,3.3,16.8,0.0,71.0,3.6,92.9,17.7,6.3,1,0.004807692307692308,0.9951923076923077,0.0,0.0,0.0,1.0,5915022,65327,11.087160706070168
98,494,2019/2020,3939011,Vancouver Technical Secondary,39,Vancouver,Public,2600 Broadway E,Vancouver,Standard School                         ,SECONDARY,YES,YES,NO,NO,49.26143698,-123.0516382,2019,Vancouver,Gr 12 enrolment: 300,3.7,10.6,20.7,70.7,4.3,95.9,13.9,5.8,1,0.0,1.0,0.0,0.0,0.0,1.0,5915022,65327,11.087160706070168
99,499,2019/2020,3939012,Point Grey Secondary,39,Vancouver,Public,5350 East Blvd,Vancouver,Standard School                         ,SECONDARY,YES,NO,NO,NO,49.23748018,-123.1533877,2019,Vancouver,Gr 12 enrolment: 187,3.7,11.4,0.0,73.3,3.4,98.8,6.3,7.4,1,0.0,1.0,0.0,0.0,0.0,1.0,5915022,65327,11.087160706070168
100,504,2019/2020,3939014,Gladstone Secondary,39,Vancouver,Public,4105 Gladstone St,Vancouver,Standard School                         ,SECONDARY,YES,NO,NO,NO,49.2485455,-123.0615979,2019,Vancouver,Gr 12 enrolment: 186,4.6,14.7,0.0,66.7,9.6,93.1,24.2,5.0,1,0.0,1.0,0.0,0.0,0.0,1.0,5915022,65327,11.087160706070168
101,509,2019/2020,3939015,Sir Winston Churchill Secondary,39,Vancouver,Public,7055 Heather St,Vancouver,Standard School                         ,SECONDARY,YES,YES,NO,NO,49.2207332,-123.1251179,2019,Vancouver,Gr 12 enrolment: 402,6.1,6.6,26.2,70.5,6.1,96.4,11.2,5.9,1,0.001394700139470014,0.9937238493723849,0.0048814504881450485,0.0,0.0,0.9951185495118549,5915022,65327,11.087160706070168
102,514,2019/2020,3939016,Killarney Secondary,39,Vancouver,Public,6454 Killarney St,Vancouver,Standard School                         ,SECONDARY,YES,NO,NO,NO,49.2255845,-123.0441489,2019,Vancouver,Gr 12 enrolment: 442,5.3,14.0,0.0,67.8,8.4,93.4,31.5,4.5,1,0.0,0.9943093636833937,0.005690636316606311,0.0,0.0,0.9943093636833937,5915022,65327,11.087160706070168
103,519,2019/2020,3939017,Sir Charles Tupper Secondary,39,Vancouver,Public,419 24th Ave E,Vancouver,Standard School                         ,SECONDARY,YES,NO,NO,NO,49.24965305,-123.095454,2019,Vancouver,Gr 12 enrolment: 242,8.9,17.2,0.0,67.2,8.3,93.1,21.3,5.4,1,0.0,1.0,0.0,0.0,0.0,1.0,5915022,65327,11.087160706070168
104,524,2019/2020,3939018,David Thompson Secondary,39,Vancouver,Public,1755 55th Ave E,Vancouver,Standard School                         ,SECONDARY,YES,NO,NO,NO,49.2208643,-123.0705555,2019,Vancouver,Gr 12 enrolment: 270,8.4,8.8,0.0,70.0,5.6,96.4,12.6,7.1,1,0.0,0.9829545454545454,0.017045454545454544,0.0,0.0,0.9829545454545454,5915022,65327,11.087160706070168
105,529,2019/2020,3939020,Windermere Community Secondary,39,Vancouver,Public,3155 27th Ave E,Vancouver,Standard School                         ,SECONDARY,YES,NO,NO,NO,49.2469676,-123.0377443,2019,Vancouver,Gr 12 enrolment: 250,11.3,11.8,0.0,69.1,3.6,92.1,26.9,5.8,1,0.0,0.9967923015236567,0.0032076984763432237,0.0,0.0,0.9967923015236567,5915022,65327,11.087160706070168
106,534,2019/2020,3939022,Eric Hamber Secondary,39,Vancouver,Public,5025 Willow St,Vancouver,Standard School                         ,SECONDARY,YES,NO,NO,NO,49.23984442,-123.1247422,2019,Vancouver,Gr 12 enrolment: 329,3.7,13.0,0.1,73.2,3.6,95.3,19.6,6.8,1,0.0,1.0,0.0,0.0,0.0,1.0,5915022,65327,11.087160706070168
107,539,2019/2020,3939024,University Hill Secondary,39,Vancouver,Public,3228 Ross Dr,Vancouver,Standard School                         ,SECONDARY,YES,NO,NO,NO,49.25399022,-123.239743,2019,Vancouver,Gr 12 enrolment: 221,7.5,4.7,0.0,69.8,13.5,98.1,13.7,5.3,1,0.0,0.9335989375830013,0.0,0.0,0.0199203187250996,0.9335989375830013,5915020,46322,10.743372289207658
108,544,2019/2020,3996004,Crofton House,39,Vancouver,Independent,3200 West 41st Avenue,Vancouver,Standard School                         ,ELEMENTARY SECONDARY,YES,NO,NO,NO,49.23446031,-123.1772051,2019,Vancouver,Gr 12 enrolment: 98,0.0,4.9,0.0,82.6,0.0,100.0,0.6,10.0,0,0.0,0.9951969260326609,0.0,0.0,0.0,0.9951969260326609,5915022,65327,11.087160706070168
109,549,2019/2020,3996007,Vancouver College,39,Vancouver,Independent,5400 Cartier St,Vancouver,Standard School                         ,ELEMENTARY SECONDARY,YES,NO,NO,NO,49.23584814,-123.1359201,2019,Vancouver,Gr 12 enrolment: 159,0.0,7.1,0.0,76.0,1.3,100.0,3.2,8.9,0,0.0,1.0,0.0,0.0,0.0,1.0,5915022,65327,11.087160706070168
110,554,2019/2020,3996011,York House School,39,Vancouver,Independent,4176 Alexandra St,Vancouver,Standard School                         ,ELEMENTARY SECONDARY,NO,NO,NO,NO,49.24855211,-123.1403115,2019,Vancouver,Gr 12 enrolment: 67,0.0,6.9,0.0,83.4,0.0,100.0,0.0,9.6,0,0.0,1.0,0.0,0.0,0.0,1.0,5915022,65327,11.087160706070168
111,559,2019/2020,3996019,Little Flower Academy,39,Vancouver,Independent,4195 Alexandra St,Vancouver,Standard School                         ,SECONDARY,YES,NO,NO,NO,49.24843,-123.14226,2019,Vancouver,Gr 12 enrolment: 95,0.0,1.5,0.0,85.0,0.0,100.0,0.0,10.0,0,0.0,1.0,0.0,0.0,0.0,1.0,5915022,65327,11.087160706070168
112,564,2019/2020,3996022,Notre Dame Regional Secondary,39,Vancouver,Independent,2880 Venables St,Vancouver,Standard School                         ,SECONDARY,YES,NO,NO,NO,49.27622335,-123.0448014,2019,Vancouver,Gr 12 enrolment: 129,0.0,4.9,0.0,72.7,1.6,100.0,0.0,7.4,0,0.006386861313868613,0.9917883211678832,0.0018248175182481751,0.0,0.0,0.9981751824817517,5915022,65327,11.087160706070168
113,569,2019/2020,3996451,King David High School,39,Vancouver,Independent,5718 Willow St,Vancouver,Standard School                         ,SECONDARY,YES,NO,NO,NO,49.23345,-123.12279,2019,Vancouver,Gr 12 enrolment: 56,0.0,10.3,0.0,80.2,0.0,96.4,3.6,8.7,0,0.0,1.0,0.0,0.0,0.0,1.0,5915022,65327,11.087160706070168
114,574,2019/2020,3996645,West Point Grey Academy,39,Vancouver,Independent,4125 West 8th Avenue,Vancouver,Standard School                         ,ELEMENTARY SECONDARY,YES,NO,NO,NO,49.2665861,-123.2002978,2019,Vancouver,Gr 12 enrolment: 80,0.0,10.0,0.0,84.4,0.0,100.0,0.0,10.0,0,0.0,0.9948979591836735,0.0,0.0,0.0,0.9948979591836735,5915022,65327,11.087160706070168
115,579,2019/2020,3996692,Stratford Hall,39,Vancouver,Independent,3000 Commercial Dr,Vancouver,Standard School                         ,ELEMENTARY SECONDARY,NO,NO,NO,NO,49.25753748,-123.0695384,2019,Vancouver,Gr 12 enrolment: 40,0.0,3.0,0.0,77.7,0.0,100.0,0.2,8.7,0,0.0,1.0,0.0,0.0,0.0,1.0,5915022,65327,11.087160706070168
116,584,2019/2020,3996724,The Westside School,39,Vancouver,Independent,788 Beatty St,Vancouver,Standard School                         ,ELEMENTARY SECONDARY,NO,NO,NO,NO,49.27757,-123.11344,2019,Vancouver,Gr 12 enrolment: 31,0.0,5.0,0.0,69.1,3.3,90.0,,4.5,0,0.0,1.0,0.0,0.0,0.0,1.0,5915022,65327,11.087160706070168
117,589,2019/2020,4040008,New Westminster Secondary,40,New Westminster,Public,835 Eighth St,New Westminster,Standard School                         ,SECONDARY,YES,YES,NO,NO,49.21569822,-122.9287508,2019,New Westminster,Gr 12 enrolment: 530,7.5,7.5,15.4,69.2,7.1,95.3,10.7,6.7,1,0.002008032128514056,0.9926372155287818,0.00535475234270415,0.0,0.0,0.9946452476572959,5915029,64695,11.077439197750053
118,594,2019/2020,4141001,Burnaby Central Secondary,41,Burnaby,Public,6011 Deer Lake Parkway,Burnaby,Standard School                         ,SECONDARY,YES,NO,NO,NO,49.24328035,-122.9753878,2019,Burnaby,Gr 12 enrolment: 318,3.7,8.1,0.0,70.5,7.4,97.2,9.7,6.5,1,0.0,1.0,0.0,0.0,0.0,1.0,5915025,64737,11.078088187203576
119,599,2019/2020,4141002,Burnaby North Secondary,41,Burnaby,Public,751 Hammarskjold Dr,Burnaby,Standard School                         ,SECONDARY,YES,NO,NO,NO,49.27792697,-122.9736179,2019,Burnaby,Gr 12 enrolment: 378,5.8,7.5,0.4,68.7,10.1,96.6,17.2,5.1,1,0.0,0.9866567828020756,0.013343217197924388,0.0,0.0,0.9866567828020756,5915025,64737,11.078088187203576
120,604,2019/2020,4141005,Alpha Secondary,41,Burnaby,Public,4600 Parker St,Burnaby,Standard School                         ,SECONDARY,YES,YES,NO,NO,49.27614405,-122.9988847,2019,Burnaby,Gr 12 enrolment: 252,4.7,10.7,12.5,68.6,13.4,97.2,6.7,5.2,1,0.0007501875468867217,0.9992498124531133,0.0,0.0,0.0,1.0,5915025,64737,11.078088187203576
121,609,2019/2020,4141007,Cariboo Hill Secondary,41,Burnaby,Public,8580 16th Ave,Burnaby,Standard School                         ,SECONDARY,YES,YES,NO,NO,49.23223519,-122.9147664,2019,Burnaby,Gr 12 enrolment: 134,6.9,8.2,18.7,72.3,4.2,99.0,12.9,8.1,1,0.0007485029940119761,0.9955089820359282,0.0037425149700598802,0.0,0.0,0.9962574850299402,5915025,64737,11.078088187203576
122,614,2019/2020,4141011,Moscrop Secondary,41,Burnaby,Public,4433 Moscrop St,Burnaby,Standard School                         ,SECONDARY,YES,YES,NO,NO,49.24364037,-123.0043338,2019,Burnaby,Gr 12 enrolment: 321,5.1,6.0,23.0,73.0,2.8,96.0,9.4,7.6,1,0.0,1.0,0.0,0.0,0.0,1.0,5915025,64737,11.078088187203576
123,619,2019/2020,4141062,Burnaby South Secondary,41,Burnaby,Public,5455 Rumble St,Burnaby,Standard School                         ,SECONDARY,YES,NO,NO,NO,49.21589848,-122.9853242,2019,Burnaby,Gr 12 enrolment: 362,9.7,8.7,0.1,68.9,9.0,95.1,15.4,5.5,1,0.00129366106080207,0.9954721862871928,0.003234152652005175,0.0,0.0,0.9967658473479949,5915025,64737,11.078088187203576
124,624,2019/2020,4141063,Burnaby Mountain Secondary,41,Burnaby,Public,8800 Eastlake Dr,Burnaby,Standard School                         ,SECONDARY,YES,NO,NO,NO,49.25503117,-122.9113957,2019,Burnaby,Gr 12 enrolment: 341,2.6,11.2,0.0,71.1,8.2,98.6,10.5,6.4,1,0.001444043321299639,0.9913357400722022,0.007220216606498195,0.0,0.0,0.9927797833935018,5915025,64737,11.078088187203576
125,629,2019/2020,4141068,Byrne Creek Community Secondary,41,Burnaby,Public,7777 18th St,Burnaby,Standard School                         ,SECONDARY,YES,NO,NO,NO,49.20827338,-122.9517931,2019,Burnaby,Gr 12 enrolment: 268,11.8,11.4,0.3,64.5,15.5,93.5,29.4,3.4,1,0.001935483870967742,0.9838709677419355,0.014193548387096775,0.0,0.0,0.9858064516129033,5915025,64737,11.078088187203576
126,634,2019/2020,4196031,St Thomas More Collegiate,41,Burnaby,Independent,7450 12th Ave,Burnaby,Standard School                         ,SECONDARY,YES,NO,NO,NO,49.21521054,-122.9381237,2019,Burnaby,Gr 12 enrolment: 123,0.0,6.5,0.0,75.9,1.7,100.0,0.0,8.3,0,0.0,0.9987966305655837,0.0012033694344163659,0.0,0.0,0.9987966305655837,5915025,64737,11.078088187203576
127,639,2019/2020,4242001,Maple Ridge Secondary,42,Maple Ridge-Pitt Meadows,Public,21911 122 Ave,Maple Ridge,Standard School                         ,SECONDARY,YES,YES,NO,NO,49.22512032,-122.6150948,2019,Maple Ridge,Gr 12 enrolment: 224,0.6,9.8,21.7,68.2,9.5,99.1,3.3,6.6,1,0.0,0.984070796460177,0.0008849557522123894,0.0,0.0017699115044247787,0.984070796460177,5915075,86178,11.364170203659878
128,644,2019/2020,4242002,Garibaldi Secondary,42,Maple Ridge-Pitt Meadows,Public,24789 Dewdney Trunk Rd,Maple Ridge,Standard School                         ,SECONDARY,YES,NO,NO,NO,49.22149454,-122.5364037,2019,Maple Ridge,Gr 12 enrolment: 140,0.6,14.1,0.0,62.8,25.8,96.9,7.3,4.1,1,0.02359882005899705,0.9616519174041298,0.008849557522123894,0.0,0.0,0.9852507374631269,5915075,86178,11.364170203659878
129,649,2019/2020,4242003,Pitt Meadows Secondary,42,Maple Ridge-Pitt Meadows,Public,19438 116b Ave,Pitt Meadows,Standard School                         ,SECONDARY,YES,YES,NO,NO,49.2138903,-122.6823596,2019,Pitt Meadows,Gr 12 enrolment: 127,0.3,16.1,13.3,65.4,12.1,98.4,1.3,5.9,1,0.003207184092366902,0.9846055163566388,0.0025657472738935213,0.0,0.0006414368184733803,0.9878127004490057,5915070,86912,11.372651391478314
130,654,2019/2020,4242004,Westview Secondary,42,Maple Ridge-Pitt Meadows,Public,20905 Wicklund Ave,Maple Ridge,Standard School                         ,SECONDARY,YES,NO,NO,NO,49.22403064,-122.6421617,2019,Maple Ridge,Gr 12 enrolment: 123,2.6,20.6,0.0,64.0,13.9,94.1,23.8,3.3,1,0.005644402634054563,0.9774223894637818,0.0028222013170272815,0.0,0.0037629350893697085,0.9830667920978363,5915075,86178,11.364170203659878
131,659,2019/2020,4242038,Thomas Haney Centre,42,Maple Ridge-Pitt Meadows,Public,23000 116 Ave,Maple Ridge,Standard School                         ,SECONDARY,YES,NO,NO,NO,49.21178891,-122.5815814,2019,Maple Ridge,Gr 12 enrolment: 223,1.9,12.6,0.0,67.9,5.9,98.3,13.2,6.0,1,0.0,0.998211091234347,0.0017889087656529517,0.0,0.0,0.998211091234347,5915075,86178,11.364170203659878
132,664,2019/2020,4242045,Samuel Robertson Technical Secondary,42,Maple Ridge-Pitt Meadows,Public,10445 245 St,Maple Ridge,Standard School                         ,SECONDARY,YES,NO,NO,NO,49.19265196,-122.5434536,2019,Maple Ridge,Gr 12 enrolment: 193,0.3,14.0,0.0,65.4,6.9,97.6,4.7,6.0,1,0.04205607476635514,0.9532710280373832,0.0,0.0,0.0,0.9953271028037383,5915075,86178,11.364170203659878
133,669,2019/2020,4296400,Meadowridge School,42,Maple Ridge-Pitt Meadows,Independent,12224 240 St,Maple Ridge,Standard School                         ,ELEMENTARY SECONDARY,YES,NO,NO,NO,49.22433412,-122.5543349,2019,Maple Ridge,Gr 12 enrolment: 45,0.0,0.0,0.0,81.8,0.0,100.0,0.0,9.4,0,0.006359300476947536,0.9809220985691574,0.00794912559618442,0.0,0.0,0.9872813990461049,5915075,86178,11.364170203659878
134,674,2019/2020,4343076,Centennial School,43,Coquitlam,Public,570 Poirier St,Coquitlam,Standard School                         ,SECONDARY,YES,NO,NO,NO,49.25236784,-122.8487393,2019,Coquitlam,Gr 12 enrolment: 309,5.6,11.1,0.0,66.5,10.6,96.1,7.5,5.4,1,0.0,1.0,0.0,0.0,0.0,1.0,5915034,74383,11.216982700088654
135,679,2019/2020,4343088,Port Moody Secondary,43,Coquitlam,Public,300 Albert St,Port Moody,Standard School                         ,SECONDARY,YES,NO,NO,NO,49.27378581,-122.8677869,2019,Port Moody,Gr 12 enrolment: 328,5.5,10.9,0.0,69.3,14.1,94.9,10.3,4.4,1,0.0,0.9903201787043932,0.00967982129560685,0.0,0.0,0.9903201787043932,5915043,92922,11.43951571054423
136,684,2019/2020,4343125,Gleneagle Secondary,43,Coquitlam,Public,1195 Lansdowne Dr,Coquitlam,Standard School                         ,SECONDARY,YES,NO,NO,NO,49.28418348,-122.8068089,2019,Coquitlam,Gr 12 enrolment: 331,2.4,9.0,0.0,70.4,10.4,93.2,11.4,5.2,1,0.0007052186177715092,0.998589562764457,0.0007052186177715092,0.0,0.0,0.9992947813822285,5915034,74383,11.216982700088654
137,689,2019/2020,4343127,Heritage Woods Secondary,43,Coquitlam,Public,1300 David Ave,Port Moody,Standard School                         ,SECONDARY,YES,NO,NO,NO,49.29877839,-122.841273,2019,Port Moody,Gr 12 enrolment: 377,6.9,9.8,0.0,71.9,3.8,98.6,2.5,7.6,1,0.0,0.9771062271062271,0.020146520146520148,0.0,0.0,0.9771062271062271,5915043,92922,11.43951571054423
138,694,2019/2020,4343130,Pinetree Secondary,43,Coquitlam,Public,3000 Pinewood Ave,Coquitlam,Standard School                         ,SECONDARY,YES,NO,NO,NO,49.28996442,-122.7905845,2019,Coquitlam,Gr 12 enrolment: 433,6.7,6.6,0.0,67.2,12.4,96.4,15.5,4.7,1,0.0,0.9589509692132269,0.010832383124287344,0.0,0.0,0.9589509692132269,5915034,74383,11.216982700088654
139,699,2019/2020,4343132,Ecole Riverside Secondary,43,Coquitlam,Public,2215 Reeve St,Port Coquitlam,Standard School                         ,SECONDARY,YES,YES,NO,NO,49.2560572,-122.789099,2019,Port Coquitlam,Gr 12 enrolment: 381,3.3,13.7,24.3,69.1,8.7,95.4,6.5,5.5,1,0.0,0.9979144942648592,0.0,0.0,0.0015641293013555788,0.9979144942648592,5915039,84096,11.339714282404227
140,704,2019/2020,4343136,Terry Fox Secondary,43,Coquitlam,Public,1260 Riverwood Gate,Port Coquitlam,Standard School                         ,SECONDARY,YES,NO,NO,NO,49.26255813,-122.7483185,2019,Port Coquitlam,Gr 12 enrolment: 457,2.0,14.8,0.0,64.5,12.0,95.4,12.2,4.6,1,0.0,0.9968992248062015,0.0,0.0,0.0,0.9968992248062015,5915039,84096,11.339714282404227
141,709,2019/2020,4396579,British Columbia Christian Academy,43,Coquitlam,Independent,1019 Fernwood Ave,Port Coquitlam,Standard School                         ,ELEMENTARY SECONDARY,YES,NO,NO,NO,49.28047757,-122.7435681,2019,Port Coquitlam,Gr 12 enrolment: 38,0.6,8.7,0.0,73.0,5.9,93.9,20.9,4.7,0,0.0,0.9766566265060241,0.004518072289156626,0.0,0.0,0.9766566265060241,5915039,84096,11.339714282404227
142,714,2019/2020,4396629,Archbishop Carney Regional Secondary,43,Coquitlam,Independent,1335 Dominion Ave,Port Coquitlam,Standard School                         ,SECONDARY,YES,NO,NO,NO,49.25918233,-122.7518326,2019,Port Coquitlam,Gr 12 enrolment: 113,5.2,4.9,0.0,72.7,2.5,100.0,0.0,8.1,0,0.0,0.8926701570680629,0.010471204188481676,0.0,0.005235602094240838,0.8926701570680629,5915039,84096,11.339714282404227
143,719,2019/2020,4444012,Sutherland Secondary,44,North Vancouver,Public,1860 Sutherland Ave,North Vancouver,Standard School                         ,SECONDARY,YES,NO,NO,NO,49.32614261,-123.0527789,2019,North Vancouver,Gr 12 enrolment: 155,2.0,12.3,2.1,67.4,9.6,97.7,11.9,4.9,1,0.0,0.9975267930750206,0.00247320692497939,0.0,0.0,0.9975267930750206,5915051,67119,11.114222442341186
144,724,2019/2020,4444022,Argyle Secondary,44,North Vancouver,Public,1131 Frederick Rd,North Vancouver,Standard School                         ,SECONDARY,YES,YES,NO,NO,49.34127323,-123.0421697,2019,North Vancouver,Gr 12 enrolment: 275,1.9,13.1,23.4,69.5,4.5,97.8,6.0,6.4,1,0.0,0.9885386819484241,0.0009551098376313276,0.0,0.0,0.9885386819484241,5915046,103981,11.551963469125544
145,729,2019/2020,4444025,Handsworth Secondary,44,North Vancouver,Public,1044 Edgewood Rd,North Vancouver,Standard School                         ,SECONDARY,YES,YES,NO,NO,49.35140441,-123.1008365,2019,North Vancouver,Gr 12 enrolment: 288,3.4,7.9,23.1,72.5,4.6,98.9,2.4,7.3,1,0.0,1.0,0.0,0.0,0.0,1.0,5915046,103981,11.551963469125544
146,734,2019/2020,4444026,Windsor Secondary,44,North Vancouver,Public,931 Broadview Dr,North Vancouver,Standard School                         ,SECONDARY,YES,YES,NO,NO,49.31386993,-122.9979818,2019,North Vancouver,Gr 12 enrolment: 194,1.0,11.5,22.0,70.7,6.7,100.0,3.7,6.8,1,0.0,0.9597826086956521,0.04021739130434782,0.0,0.0,0.9597826086956521,5915046,103981,11.551963469125544
147,739,2019/2020,4444036,Carson Graham Secondary,44,North Vancouver,Public,2145 Jones Ave,North Vancouver,Standard School                         ,SECONDARY,YES,NO,NO,NO,49.32886505,-123.082976,2019,North Vancouver,Gr 12 enrolment: 299,3.5,12.4,0.4,70.2,5.7,98.8,10.9,6.4,1,0.0,1.0,0.0,0.0,0.0,1.0,5915051,67119,11.114222442341186
148,744,2019/2020,4444047,Seycove Secondary Community,44,North Vancouver,Public,1204 Caledonia Ave,North Vancouver,Standard School                         ,SECONDARY,YES,NO,NO,NO,49.3184067,-122.9505872,2019,North Vancouver,Gr 12 enrolment: 113,0.2,12.9,0.2,71.7,4.7,95.3,2.9,6.3,1,0.0,0.9309576837416481,0.035634743875278395,0.0,0.0,0.9309576837416481,5915046,103981,11.551963469125544
149,749,2019/2020,4496062,St Thomas Aquinas,44,North Vancouver,Independent,541 Keith Rd W,North Vancouver,Standard School                         ,SECONDARY,YES,NO,NO,NO,49.3194862,-123.08732,2019,North Vancouver,Gr 12 enrolment: 133,0.0,9.9,0.0,75.9,5.4,99.2,0.7,8.0,0,0.000925925925925926,0.9953703703703703,0.003703703703703704,0.0,0.0,0.9962962962962962,5915051,67119,11.114222442341186
150,754,2019/2020,4545010,Sentinel Secondary,45,West Vancouver,Public,1250 Chartwell Dr,West Vancouver,Standard School                         ,SECONDARY,YES,YES,NO,NO,49.34514634,-123.150574,2019,West Vancouver,Gr 12 enrolment: 293,3.8,4.3,26.1,73.6,3.5,100.0,2.4,7.9,1,0.0,0.9962121212121212,0.003787878787878788,0.0,0.0,0.9962121212121212,5915055,89808,11.40542933718198
151,759,2019/2020,4545015,West Vancouver Secondary,45,West Vancouver,Public,1750 Mathers Ave,West Vancouver,Standard School                         ,SECONDARY,YES,NO,NO,NO,49.3378016,-123.1613719,2019,West Vancouver,Gr 12 enrolment: 299,7.4,9.1,0.0,69.2,7.4,98.3,4.3,6.8,1,0.0,0.9855630413859481,0.014436958614051972,0.0,0.0,0.9855630413859481,5915055,89808,11.40542933718198
152,764,2019/2020,4545081,Rockridge Secondary,45,West Vancouver,Public,5350 Headland Dr,West Vancouver,Standard School                         ,SECONDARY,YES,NO,NO,NO,49.34888411,-123.2529882,2019,West Vancouver,Gr 12 enrolment: 170,2.4,14.1,0.0,72.9,5.5,97.0,5.7,7.3,1,0.01959869342043864,0.949603359776015,0.012599160055996267,0.0,0.011199253383107793,0.9692020531964536,5915055,89808,11.40542933718198
153,769,2019/2020,4596367,Collingwood School,45,West Vancouver,Independent,70 Morven Dr,West Vancouver,Standard School                         ,ELEMENTARY SECONDARY,YES,NO,NO,NO,49.3604904,-123.120057,2019,West Vancouver,Gr 12 enrolment: 110,0.0,8.7,0.0,80.2,0.0,100.0,0.9,9.2,0,0.003875968992248062,0.9961240310077519,0.0,0.0,0.0,1.0,5915055,89808,11.40542933718198
154,774,2019/2020,4596701,Mulgrave School,45,West Vancouver,Independent,2330 Cypress Bowl Lane,West Vancouver,Standard School                         ,ELEMENTARY SECONDARY,YES,NO,NO,NO,49.34950929,-123.1944224,2019,West Vancouver,Gr 12 enrolment: 82,0.0,0.2,0.0,81.2,2.4,100.0,0.0,9.2,0,0.0,0.9982698961937716,0.0017301038062283738,0.0,0.0,0.9982698961937716,5915055,89808,11.40542933718198
155,779,2019/2020,4646008,Elphinstone Secondary,46,Sunshine Coast,Public,PO Box 770,Gibsons,Standard School                         ,SECONDARY,YES,NO,NO,NO,49.40744108,-123.5172043,2019,Gibsons,Gr 12 enrolment: 96,2.6,16.3,0.0,72.0,0.0,100.0,1.1,7.6,1,0.06586578293289147,0.871996685998343,0.0,0.0,0.02568351284175642,0.9378624689312345,5929005,57370,10.957276797595917
156,784,2019/2020,4646017,Chatelech Secondary,46,Sunshine Coast,Public,PO Box 1430,Sechelt,Standard School                         ,SECONDARY,YES,NO,NO,NO,49.47352508,-123.7689176,2019,Sechelt,Gr 12 enrolment: 81,2.2,24.4,0.0,68.7,5.3,94.8,8.7,5.8,1,0.02880784554091327,0.9206251915415262,0.00398406374501992,0.0,0.0,0.9494330370824395,5929011,58888,10.983392613738541
157,789,2019/2020,4747021,Brooks Secondary,47,Powell River,Public,5400 Marine Ave,Powell River,Standard School                         ,SECONDARY,YES,YES,NO,NO,49.86258188,-124.542512,2019,Powell River,Gr 12 enrolment: 177,0.5,16.8,0.0,64.7,13.5,93.2,25.3,4.5,1,0.02337840935136374,0.5707082282832913,0.04836121934448774,0.036901214760485905,0.0018336007334402934,0.594086637634655,5927008,56525,10.94243829714617
158,794,2019/2020,4848004,Howe Sound Secondary,48,Sea to Sky,Public,PO Box 99 STN Main,Squamish,Standard School                         ,SECONDARY,YES,YES,NO,NO,49.70699989,-123.1508761,2019,Squamish,Gr 12 enrolment: 146,0.3,7.5,12.3,68.7,7.4,98.7,0.2,7.1,1,0.05242610150585611,0.8906860011154489,0.0011154489682097045,0.0,0.03792526491912995,0.9431121026213051,5931006,89012,11.396526471086007
159,799,2019/2020,4848021,Pemberton Secondary,48,Sea to Sky,Public,PO Box 40,Pemberton,Standard School                         ,SECONDARY,YES,YES,NO,NO,50.3235034,-122.801054,2019,Pemberton,Gr 12 enrolment: 45,7.2,15.9,31.0,75.9,0.0,100.0,14.0,7.7,1,0.036036036036036036,0.590990990990991,0.14054054054054055,0.0,0.017117117117117116,0.627027027027027,5931012,84224,11.341235195244934
160,804,2019/2020,4848022,Whistler Secondary,48,Sea to Sky,Public,8000 Alpine Way,Whistler,Standard School                         ,SECONDARY,YES,YES,NO,NO,50.15096025,-122.9601872,2019,Whistler,Gr 12 enrolment: 89,4.6,9.6,23.8,71.1,4.3,98.9,6.2,7.0,1,0.03260225251926497,0.947836395969176,0.002963841138114997,0.0,0.0,0.980438648488441,5931020,79752,11.28667709870254
161,809,2019/2020,5112002,Grand Forks Secondary,51,Boundary,Public,PO Box 339,Grand Forks,Standard School                         ,SECONDARY,YES,NO,NO,NO,49.03083662,-118.4515507,2019,Grand Forks,Gr 12 enrolment: 75,0.0,18.3,0.0,70.1,2.9,100.0,5.4,8.2,1,0.08185245018847603,0.719439956919763,0.015078082929456112,0.0,0.044695745826602046,0.801292407108239,5905032,49097,10.80155321211961
162,814,2019/2020,5252018,Charles Hays Secondary,52,Prince Rupert,Public,PO Box 520,Prince Rupert,Standard School                         ,SECONDARY,YES,YES,NO,NO,54.3111547,-130.3042523,2019,Prince Rupert,Gr 12 enrolment: 151,2.1,15.5,6.9,66.6,11.7,96.4,27.2,6.7,1,0.025423728813559324,0.8043785310734464,0.0,0.0,0.125,0.8298022598870057,5947012,73284,11.202097583011135
163,819,2019/2020,5314001,Southern Okanagan Secondary,53,Okanagan Similkameen,Public,PO Box 990,Oliver,Standard School                         ,SECONDARY,YES,NO,NO,NO,49.18139783,-119.5568363,2019,Oliver,Gr 12 enrolment: 90,0.0,19.5,0.0,63.6,10.9,100.0,10.6,5.6,1,0.0821173104434907,0.7361945636623748,0.006580829756795422,0.02374821173104435,0.020314735336194562,0.8183118741058655,5907014,54656,10.908814277148242
164,824,2019/2020,5316004,Similkameen Elem-Secondary,53,Okanagan Similkameen,Public,PO Box 410,Keremeos,Standard School                         ,ELEMENTARY SECONDARY,YES,NO,NO,NO,49.20977831,-119.8186293,2019,Keremeos,Gr 12 enrolment: 45,1.2,22.1,0.0,65.3,7.0,100.0,4.9,5.5,1,0.6705286024619841,0.0608254887762491,0.020275162925416364,0.0,0.09630702389572773,0.7313540912382331,5907009,43922,10.690170612487238
165,829,2019/2020,5454011,Houston Secondary,54,Bulkley Valley,Public,PO Box 1600,Houston,Standard School                         ,SECONDARY,YES,NO,NO,NO,54.38876028,-126.6531898,2019,Houston,Gr 12 enrolment: 37,0.0,15.2,0.0,66.9,5.6,91.9,16.6,6.0,1,0.15363385464581417,0.3201471941122355,0.42318307267709293,0.0,0.0,0.4737810487580497,5951034,80477,11.295726708296838
166,834,2019/2020,5454013,Smithers Secondary,54,Bulkley Valley,Public,PO Box 849,Smithers,Standard School                         ,SECONDARY,YES,NO,NO,NO,54.79003818,-127.1806896,2019,Smithers,Gr 12 enrolment: 121,0.3,12.7,0.0,69.5,8.3,97.9,20.7,5.5,1,0.134274010013655,0.4701866181156122,0.3727810650887574,0.0,0.0004551661356395084,0.6044606281292672,5951043,74610,11.22002982546556
167,839,2019/2020,5757012,Duchess Park Secondary,57,Prince George,Public,747 Winnipeg St,Prince George,Standard School                         ,SECONDARY,YES,YES,NO,NO,53.9164941,-122.7582139,2019,Prince George,Gr 12 enrolment: 187,0.0,11.1,28.8,69.0,6.9,94.1,21.3,5.6,1,0.05771050141911069,0.8864711447492905,0.033112582781456956,0.005676442762535478,0.002838221381267739,0.9441816461684012,5953023,75690,11.234401330303212
168,844,2019/2020,5757036,Prince George Secondary,57,Prince George,Public,2901 Griffiths Ave,Prince George,Standard School                         ,SECONDARY,YES,NO,NO,NO,53.9027216,-122.7785709,2019,Prince George,Gr 12 enrolment: 236,3.4,14.5,0.0,65.8,11.3,95.0,21.6,5.0,1,0.0024193548387096775,0.9975806451612903,0.0,0.0,0.0,1.0,5953023,75690,11.234401330303212
169,849,2019/2020,5757047,Kelly Road/Shas ti Secondary,57,Prince George,Public,4540 Handlen Rd,Prince George,Standard School                         ,SECONDARY,YES,NO,NO,NO,53.99681095,-122.8034371,2019,Prince George,Gr 12 enrolment: 153,0.0,10.5,0.0,63.6,9.5,97.8,9.2,4.3,1,0.19174275506153235,0.6177054386661374,0.03017070265978563,0.0011909487892020642,0.048828900357284634,0.8094481937276697,5953023,75690,11.234401330303212
170,854,2019/2020,5757100,D P Todd Secondary,57,Prince George,Public,4444 Hill Ave,Prince George,Standard School                         ,SECONDARY,YES,NO,NO,NO,53.92364025,-122.8128259,2019,Prince George,Gr 12 enrolment: 114,0.6,15.3,0.0,66.5,10.0,93.3,25.4,3.5,1,0.05100286532951289,0.8068767908309455,0.042406876790830945,0.002292263610315186,0.008022922636103151,0.8578796561604585,5953023,75690,11.234401330303212
171,859,2019/2020,5757101,College Heights Secondary,57,Prince George,Public,6180 Domano Blvd,Prince George,Standard School                         ,SECONDARY,YES,NO,NO,NO,53.86343631,-122.7640654,2019,Prince George,Gr 12 enrolment: 158,1.7,10.1,0.0,69.9,2.1,98.6,10.2,7.0,1,0.1501749920458161,0.657651924912504,0.06649697741011772,0.009545020680878142,0.005090677696468342,0.8078269169583201,5953023,75690,11.234401330303212
172,864,2019/2020,5831005,Merritt Secondary,58,Nicola-Similkameen,Public,PO Box 5100,Merritt,Standard School                         ,SECONDARY,YES,YES,NO,NO,50.1090735,-120.7961077,2019,Merritt,Gr 12 enrolment: 103,0.0,16.0,6.1,65.2,9.6,100.0,9.0,4.9,1,0.14531117994931006,0.30977189524077725,0.12221909321317939,0.034638130104196,0.1315122500704027,0.4550830751900873,5933006,62544,11.043625588032736
173,869,2019/2020,5959008,Dawson Creek Secondary,59,Peace River South,Public,10701 10 St,Dawson Creek,Standard School                         ,SECONDARY,YES,YES,NO,NO,55.7507264,-120.2427331,2019,Dawson Creek,Gr 12 enrolment: 196,5.5,16.1,7.2,64.8,9.1,99.3,22.3,6.4,1,0.4083885209713024,0.4287466274221241,0.10056414029923964,0.0,0.0029433406916850625,0.8371351483934265,5955014,79211,11.279870457047238
174,874,2019/2020,5959011,Chetwynd Secondary,59,Peace River South,Public,5000-46 Street PO Box 447,Chetwynd,Standard School                         ,SECONDARY,YES,YES,NO,NO,55.69558331,-121.6121916,2019,Chetwynd,Gr 12 enrolment: 48,0.7,8.6,3.7,58.0,26.7,97.7,21.9,0.0,1,0.4958572339069471,0.13957934990439771,0.09369024856596558,0.0,0.0025493945188017845,0.6354365838113448,5955010,90709,11.415411859405351
175,879,2019/2020,6060015,North Peace Secondary,60,Peace River North,Public,9304 86 St,Fort St John,Standard School                         ,SECONDARY,YES,YES,NO,NO,56.2400407,-120.8227386,2019,Fort St John,Gr 12 enrolment: 437,3.1,17.1,4.9,63.7,11.2,93.7,26.0,3.5,1,0.24605879846612697,0.5722198551342139,0.05943757988922028,0.0,0.0,0.8182786536003409,5955034,102903,11.541542075916107
176,884,2019/2020,6161018,Victoria High,61,Greater Victoria,Public,1260 Grant St,Victoria,Standard School                         ,SECONDARY,YES,YES,NO,NO,48.42968134,-123.3466759,2019,Victoria,Gr 12 enrolment: 207,10.8,15.5,14.5,63.9,16.7,96.1,25.4,4.1,1,0.0009510223490252021,0.9990489776509748,0.0,0.0,0.0,1.0,5917034,53126,10.88042172957897
177,889,2019/2020,6161024,Oak Bay Secondary,61,Greater Victoria,Public,2121 Cadboro Bay Rd,Victoria,Standard School                         ,SECONDARY,YES,YES,NO,NO,48.43221175,-123.317427,2019,Victoria,Gr 12 enrolment: 350,3.5,11.6,22.7,72.4,6.3,98.5,4.7,6.7,1,0.0019646365422396855,0.9980353634577603,0.0,0.0,0.0,1.0,5917030,93529,11.446026827614784
178,894,2019/2020,6161048,Esquimalt High,61,Greater Victoria,Public,847 Colville Rd,Victoria,Standard School                         ,SECONDARY,YES,YES,NO,NO,48.43831269,-123.3964158,2019,Victoria,Gr 12 enrolment: 150,3.4,17.2,18.1,63.7,15.8,95.8,31.2,3.8,1,0.0,1.0,0.0,0.0,0.0,1.0,5917040,60424,11.009141655993284
179,899,2019/2020,6161049,Mount Douglas Secondary,61,Greater Victoria,Public,3970 Gordon Head Rd,Victoria,Standard School                         ,SECONDARY,YES,NO,NO,NO,48.47133647,-123.3182574,2019,Victoria,Gr 12 enrolment: 239,4.6,9.8,0.0,68.1,15.6,96.4,13.6,4.9,1,0.0,1.0,0.0,0.0,0.0,1.0,5917021,77282,11.255216348468705
180,904,2019/2020,6161057,Reynolds Secondary,61,Greater Victoria,Public,3963 Borden St,Victoria,Standard School                         ,SECONDARY,YES,YES,NO,NO,48.4686656,-123.3594913,2019,Victoria,Gr 12 enrolment: 288,9.2,11.2,25.4,67.5,14.0,97.3,10.4,5.2,1,0.0,1.0,0.0,0.0,0.0,1.0,5917021,77282,11.255216348468705
181,909,2019/2020,6161063,Spectrum Community,61,Greater Victoria,Public,957 Burnside Rd W,Victoria,Standard School                         ,SECONDARY,YES,NO,NO,NO,48.46232474,-123.4072902,2019,Victoria,Gr 12 enrolment: 299,4.0,15.8,0.0,66.2,11.2,95.7,15.8,5.2,1,0.0,1.0,0.0,0.0,0.0,1.0,5917021,77282,11.255216348468705
182,914,2019/2020,6161064,Lambrick Park Secondary,61,Greater Victoria,Public,4139 Torquay Dr,Victoria,Standard School                         ,SECONDARY,YES,NO,NO,NO,48.47948169,-123.3307863,2019,Victoria,Gr 12 enrolment: 181,2.3,12.1,0.0,61.9,20.5,90.8,21.4,1.9,1,0.0,0.9960668633235005,0.0,0.0,0.0,0.9960668633235005,5917021,77282,11.255216348468705
183,919,2019/2020,6196008,St Michaels University School - Senior,61,Greater Victoria,Independent,3400 Richmond Rd,Victoria,Standard School                         ,SECONDARY,YES,NO,NO,NO,48.45210537,-123.3285068,2019,Victoria,Gr 12 enrolment: 145,5.6,4.2,0.0,77.2,2.8,100.0,0.0,8.1,0,0.0,1.0,0.0,0.0,0.0,1.0,5917021,77282,11.255216348468705
184,924,2019/2020,6196021,Glenlyon Norfolk School,61,Greater Victoria,Independent,801 Bank St,Victoria,Standard School                         ,ELEMENTARY SECONDARY,YES,NO,NO,NO,48.42026893,-123.329413,2019,Victoria,Gr 12 enrolment: 56,3.6,11.3,0.0,80.0,1.7,98.2,3.5,8.4,0,0.0008733624454148472,0.9991266375545852,0.0,0.0,0.0,1.0,5917034,53126,10.88042172957897
185,929,2019/2020,6196084,Pacific Christian School,61,Greater Victoria,Independent,654 Agnes St,Victoria,Standard School                         ,ELEMENTARY SECONDARY,YES,NO,NO,NO,48.47319618,-123.3843328,2019,Victoria,Gr 12 enrolment: 101,0.8,10.0,0.0,69.4,11.0,92.7,5.7,4.3,0,0.0,1.0,0.0,0.0,0.0,1.0,5917021,77282,11.255216348468705
186,934,2019/2020,6262013,Belmont Secondary,62,Sooke,Public,3041 Langford Lake Rd,Victoria,Standard School                         ,SECONDARY,YES,YES,NO,NO,48.4424729,-123.5293263,2019,Victoria,Gr 12 enrolment: 392,4.1,14.6,14.1,64.8,11.7,94.4,13.9,4.0,1,0.0011173184357541898,0.9966480446927374,0.0005586592178770949,0.0,0.0005586592178770949,0.9977653631284916,5917044,80331,11.293910877739696
187,939,2019/2020,6262033,Edward Milne Community School,62,Sooke,Public,PO Box 1010,Sooke,Standard School                         ,SECONDARY,YES,YES,NO,NO,48.38862821,-123.6967774,2019,Sooke,Gr 12 enrolment: 153,4.4,18.8,9.3,61.7,16.8,98.4,18.8,4.0,1,0.0004528985507246377,0.9624094202898551,0.008605072463768116,0.0,0.0004528985507246377,0.9628623188405797,5917052,71296,11.174595503846902
188,944,2019/2020,6262038,Royal Bay Secondary,62,Sooke,Public,3500 Ryder Hesjedal Way,Victoria,Standard School                         ,SECONDARY,YES,NO,NO,NO,48.4092932,-123.4927158,2019,Victoria,Gr 12 enrolment: 273,2.2,13.9,0.0,63.5,14.4,96.7,12.7,4.0,1,0.0,1.0,0.0,0.0,0.0,1.0,5917041,85668,11.35823463929046
189,949,2019/2020,6363021,Claremont Secondary,63,Saanich,Public,4980 Wesley Rd,Victoria,Standard School                         ,SECONDARY,YES,NO,NO,NO,48.51599014,-123.3748932,2019,Victoria,Gr 12 enrolment: 292,2.0,11.1,0.1,72.1,4.6,98.9,4.1,7.3,1,0.0011862396204033216,0.9890272835112692,0.0002965599051008304,0.0,0.0002965599051008304,0.9902135231316725,5917021,77282,11.255216348468705
190,954,2019/2020,6363022,Parkland Secondary,63,Saanich,Public,10640 McDonald Park Rd,North Saanich,Standard School                         ,SECONDARY,YES,NO,NO,NO,48.6703958,-123.4217982,2019,North Saanich,Gr 12 enrolment: 130,3.6,15.3,0.6,66.4,8.8,100.0,11.1,5.9,1,0.018694120834462206,0.822812246003793,0.11324844215659713,0.0,0.03738824166892441,0.8415063668382552,5917005,103296,11.545353932189567
191,959,2019/2020,6464010,Gulf Islands Secondary,64,Gulf Islands,Public,112 Rainbow Rd,Salt Spring Island,Standard School                         ,SECONDARY,YES,YES,NO,NO,48.85550593,-123.5073606,2019,Salt Spring Island,Gr 12 enrolment: 150,0.9,15.0,10.1,65.7,11.4,97.5,24.4,4.3,1,0.017675817976682964,0.6558856713050019,0.3140278300112824,0.0,0.003384731101918014,0.6735614892816848,5917027,59077,10.986596956750757
192,964,2019/2020,6715002,Penticton Secondary,67,Okanagan Skaha,Public,158 Eckhardt Ave E,Penticton,Standard School                         ,SECONDARY,YES,YES,NO,NO,49.49179307,-119.5873833,2019,Penticton,Gr 12 enrolment: 261,0.6,10.1,19.1,68.9,6.4,98.5,9.6,6.2,1,0.03173893607510058,0.957532409476978,0.0013410818059901655,0.003576218149307108,0.0004470272686633885,0.9892713455520786,5907041,54219,10.900786679503748
193,969,2019/2020,6715008,Princess Margaret Secondary,67,Okanagan Skaha,Public,120 Green Ave W,Penticton,Standard School                         ,SECONDARY,YES,NO,NO,NO,49.46275631,-119.5835755,2019,Penticton,Gr 12 enrolment: 113,0.0,14.1,0.0,69.1,8.1,99.0,3.5,5.5,1,0.05478331970564186,0.7686017988552739,0.012264922322158627,0.06704824202780049,0.006132461161079314,0.8233851185609158,5907041,54219,10.900786679503748
194,974,2019/2020,6777002,Summerland Secondary,67,Okanagan Skaha,Public,Box 2501,Summerland,Standard School                         ,SECONDARY,YES,YES,NO,NO,49.60201697,-119.6790774,2019,Summerland,Gr 12 enrolment: 115,0.0,14.3,23.8,66.8,8.0,100.0,1.6,6.4,1,0.006934812760055479,0.8994452149791956,0.0,0.012829403606102635,0.03259361997226075,0.9063800277392511,5907035,66461,11.104370588439984
195,979,2019/2020,6868001,Nanaimo District Secondary,68,Nanaimo-Ladysmith,Public,355 Wakesiah Ave,Nanaimo,Standard School                         ,SECONDARY,YES,YES,NO,NO,49.16104077,-123.9620771,2019,Nanaimo,Gr 12 enrolment: 240,2.9,7.6,26.9,70.3,2.5,97.1,16.4,7.3,1,0.0387243735763098,0.9612756264236902,0.0,0.0,0.0,1.0,5921007,61094,11.020168940665116
196,984,2019/2020,6868002,Ladysmith Secondary,68,Nanaimo-Ladysmith,Public,PO Box 190,Ladysmith,Standard School                         ,SECONDARY,YES,YES,NO,NO,48.99007761,-123.8269535,2019,Ladysmith,Gr 12 enrolment: 124,1.8,10.6,3.5,66.3,7.8,99.0,12.0,4.5,1,0.006593406593406593,0.9829670329670329,0.007142857142857143,0.0,0.0,0.9895604395604395,5919021,67674,11.122457337867973
197,989,2019/2020,6868007,Cedar Community Secondary,68,Nanaimo-Ladysmith,Public,1640 Macmillan Rd,Nanaimo,Standard School                         ,SECONDARY,YES,NO,NO,NO,49.1142994,-123.8644393,2019,Nanaimo,Gr 12 enrolment: 57,3.5,11.9,0.0,65.5,4.7,97.6,17.4,4.7,1,0.009491268033409264,0.9476082004555809,0.004555808656036446,0.0,0.0011389521640091116,0.9570994684889902,5921010,71680,11.179967047648812
198,994,2019/2020,6868010,Dover Bay Secondary,68,Nanaimo-Ladysmith,Public,6135 McGirr Rd,Nanaimo,Standard School                         ,SECONDARY,YES,NO,NO,NO,49.23524753,-124.0330813,2019,Nanaimo,Gr 12 enrolment: 288,4.0,7.2,0.0,69.9,5.8,97.0,14.3,7.0,1,0.0012606366214938543,0.9977938859123857,0.0003151591553734636,0.0,0.0006303183107469272,0.9990545225338796,5921007,61094,11.020168940665116
199,999,2019/2020,6868011,John Barsby Community School,68,Nanaimo-Ladysmith,Public,550 Seventh St,Nanaimo,Standard School                         ,SECONDARY,YES,NO,NO,NO,49.14903031,-123.951348,2019,Nanaimo,Gr 12 enrolment: 121,4.2,13.0,0.0,65.2,9.3,98.9,33.4,4.9,1,0.01770890979524073,0.9795240730492529,0.0,0.0,0.0,0.9972329828444937,5921007,61094,11.020168940665116
200,1004,2019/2020,6868015,Wellington Secondary,68,Nanaimo-Ladysmith,Public,3135 Mexicana Rd,Nanaimo,Standard School                         ,SECONDARY,YES,NO,NO,NO,49.20934873,-124.0002675,2019,Nanaimo,Gr 12 enrolment: 178,2.8,7.9,0.0,65.4,11.0,92.7,27.1,4.7,1,0.000711490572749911,0.9992885094272501,0.0,0.0,0.0,1.0,5921007,61094,11.020168940665116
201,1009,2019/2020,6896256,Nanaimo Christian School,68,Nanaimo-Ladysmith,Independent,198 Holland Rd,Nanaimo,Standard School                         ,ELEMENTARY SECONDARY,YES,NO,NO,NO,49.17275932,-123.998298,2019,Nanaimo,Gr 12 enrolment: 35,0.0,8.9,0.0,74.5,3.2,100.0,3.2,8.3,0,0.002008032128514056,0.9969879518072289,0.0,0.0,0.0,0.998995983935743,5921007,61094,11.020168940665116
202,1014,2019/2020,6969012,Ecole Secondaire Ballenas Secondary,69,Qualicum,Public,PO Box 1570,Parksville,Standard School                         ,SECONDARY,YES,YES,NO,NO,49.32209963,-124.3385305,2019,Parksville,Gr 12 enrolment: 175,1.9,14.7,9.7,67.8,9.1,97.7,11.4,4.9,1,0.013923013923013924,0.9284739284739285,0.009828009828009828,0.0,0.028392028392028392,0.9423969423969424,5921018,55771,10.929009300010007
203,1019,2019/2020,6969014,Kwalikum Secondary,69,Qualicum,Public,PO Box 1000,Qualicum Beach,Standard School                         ,SECONDARY,YES,NO,NO,NO,49.34801054,-124.4348075,2019,Qualicum Beach,Gr 12 enrolment: 108,0.6,11.7,0.0,68.3,6.1,100.0,9.4,7.2,1,0.021396396396396396,0.8367117117117117,0.030123873873873875,0.0,0.05349099099099099,0.858108108108108,5921023,65692,11.092732431457451
204,1024,2019/2020,7070001,Alberni District Secondary,70,Alberni,Public,4000 Roger St,Port Alberni,Standard School                         ,SECONDARY,YES,YES,NO,NO,49.2535034,-124.7946809,2019,Port Alberni,Gr 12 enrolment: 211,0.9,16.6,11.1,65.0,9.3,96.1,5.5,5.9,1,0.004460093896713615,0.9089201877934272,0.0035211267605633804,0.002112676056338028,0.0018779342723004694,0.9133802816901408,5923008,50823,10.836104287009055
205,1029,2019/2020,7171040,Georges P Vanier Secondary,71,Comox Valley,Public,4830 Headquarters Rd,Courtenay,Standard School                         ,SECONDARY,YES,NO,NO,NO,49.70946949,-124.9982694,2019,Courtenay,Gr 12 enrolment: 233,0.0,14.6,0.0,66.5,8.2,99.0,10.5,6.4,1,0.01814396192742415,0.8976799524092802,0.04342653182629387,0.0,0.007733491969066032,0.9158239143367044,5926010,57463,10.958896541403579
206,1034,2019/2020,7171041,Highland Secondary,71,Comox Valley,Public,750 Pritchard Rd,Comox,Standard School                         ,SECONDARY,YES,NO,NO,NO,49.68899348,-124.9155529,2019,Comox,Gr 12 enrolment: 126,1.0,15.8,0.0,71.6,7.8,94.8,9.6,6.7,1,0.022269353128313893,0.8494167550371156,0.06645457758925416,0.0,0.04524566984800283,0.8716861081654295,5926005,69254,11.145536184114292
207,1039,2019/2020,7171054,Mark R. Isfeld Senior Secondary,71,Comox Valley,Public,1551 Lerwick Rd,Courtenay,Standard School                         ,SECONDARY,YES,YES,NO,NO,49.7032621,-124.9590384,2019,Courtenay,Gr 12 enrolment: 224,0.6,9.0,42.7,71.7,6.6,98.0,15.3,6.5,1,0.0034924330616996507,0.9965075669383003,0.0,0.0,0.0,1.0,5926010,57463,10.958896541403579
208,1044,2019/2020,7272010,Carihi Secondary,72,Campbell River,Public,350 Dogwood St,Campbell River,Standard School                         ,SECONDARY,NO,YES,NO,NO,50.01409557,-125.24911,2019,Campbell River,Gr 12 enrolment: 194,0.6,15.4,26.0,73.4,1.7,99.4,11.8,8.6,1,0.008623787279913761,0.763205174272368,0.011498383039885016,0.06575637800934243,0.0010779734099892202,0.7718289615522818,5924034,64465,11.073877719844939
209,1049,2019/2020,7272012,Timberline Secondary School,72,Campbell River,Public,1681 South Dogwood St,Campbell River,Standard School                         ,SECONDARY,YES,NO,NO,NO,49.97982638,-125.245079,2019,Campbell River,Gr 12 enrolment: 185,0.0,14.8,0.0,70.1,5.6,98.0,16.6,6.0,1,0.010499790004199917,0.8975220495590088,0.05081898362032759,0.0029399412011759767,0.005459890802183957,0.9080218395632087,5924034,64465,11.073877719844939
210,1054,2019/2020,7324012,South Kamloops Secondary,73,Kamloops-Thompson,Public,821 Munro St,Kamloops,Standard School                         ,SECONDARY,YES,YES,NO,NO,50.66632877,-120.3205156,2019,Kamloops,Gr 12 enrolment: 185,0.3,9.1,42.7,73.2,3.0,98.9,5.1,7.8,1,0.031014865112864744,0.8902550926775555,0.03486878326298403,0.0014681592952835382,0.035786382822536246,0.9212699577904203,5933042,73822,11.209412069145728
211,1059,2019/2020,7324045,Valleyview Secondary,73,Kamloops-Thompson,Public,1950 Valleyview Dr,Kamloops,Standard School                         ,SECONDARY,YES,NO,NO,NO,50.67667333,-120.2751239,2019,Kamloops,Gr 12 enrolment: 169,1.7,7.6,0.0,68.9,1.7,99.4,3.4,6.5,1,0.08285810130828582,0.6574974840657497,0.1200939282120094,0.0020127474002012745,0.02549480040254948,0.7403555853740356,5933042,73822,11.209412069145728
212,1064,2019/2020,7324055,Westsyde Secondary,73,Kamloops-Thompson,Public,855 Bebek Rd,Kamloops,Standard School                         ,SECONDARY,YES,NO,NO,NO,50.76717101,-120.3481901,2019,Kamloops,Gr 12 enrolment: 132,0.0,12.4,0.0,66.3,7.7,98.4,9.8,4.3,1,0.14682539682539683,0.5952380952380952,0.02671957671957672,0.05634920634920635,0.0007936507936507937,0.7420634920634921,5933042,73822,11.209412069145728
213,1069,2019/2020,7326005,Clearwater Secondary,73,Kamloops-Thompson,Public,440 Murtle Cres,Clearwater,Standard School                         ,SECONDARY,YES,NO,NO,NO,51.64896962,-120.0345677,2019,Clearwater,Gr 12 enrolment: 43,0.5,18.4,0.0,64.4,12.1,94.1,20.9,4.4,1,0.2566320645905421,0.31314878892733566,0.02249134948096886,0.22722029988465975,0.006920415224913495,0.5697808535178778,5933067,62432,11.041833243422838
214,1074,2019/2020,7575014,Mission Senior Secondary,75,Mission,Public,32939 Seventh Ave,Mission,Standard School                         ,SECONDARY,YES,YES,NO,NO,49.14110618,-122.3129219,2019,Mission,Gr 12 enrolment: 374,2.4,12.5,5.2,65.8,11.3,94.2,17.9,5.0,1,0.06066225165562914,0.8741721854304636,0.02357615894039735,0.0,0.0013245033112582781,0.9348344370860927,5909056,78159,11.26650049236665
215,1079,2019/2020,7832003,Hope Secondary,78,Fraser-Cascade,Public,PO Box 249,Hope,Standard School                         ,ELEMENTARY SECONDARY,YES,NO,NO,NO,49.38687827,-121.4440732,2019,Hope,Gr 12 enrolment: 62,2.2,16.6,0.0,68.5,2.6,100.0,19.6,6.8,1,0.09886439545758183,0.8022712090848363,0.004676018704074816,0.0,0.02004008016032064,0.9011356045424181,5909009,51226,10.844002494634465
216,1084,2019/2020,7876003,Agassiz Elem-Secondary,78,Fraser-Cascade,Public,PO Box 1100,Agassiz,Standard School                         ,ELEMENTARY SECONDARY,YES,NO,NO,NO,49.23755235,-121.7635157,2019,Agassiz,Gr 12 enrolment: 53,1.6,14.0,0.0,66.6,7.6,90.2,9.0,6.0,1,0.17352941176470588,0.7035294117647058,0.022941176470588236,0.0,0.045294117647058825,0.8770588235294117,5909032,62272,11.039267165545677
217,1089,2019/2020,7965009,Cowichan Secondary,79,Cowichan Valley,Public,2652 James St,Duncan,Standard School                         ,SECONDARY,YES,YES,NO,NO,48.7812801,-123.7010846,2019,Duncan,Gr 12 enrolment: 286,0.8,13.0,14.3,63.7,14.2,99.2,9.0,4.4,1,0.011646494633477963,0.9655172413793104,0.010047956154373145,0.0,0.004795615437314455,0.9771637360127884,5919008,64169,11.069275507017089
218,1094,2019/2020,7965039,Frances Kelsey Secondary,79,Cowichan Valley,Public,953 Shawnigan-Mill Bay Rd,Mill Bay,Standard School                         ,SECONDARY,YES,NO,NO,NO,48.66021969,-123.5698241,2019,Mill Bay,Gr 12 enrolment: 180,1.1,14.1,0.0,67.5,5.1,96.6,17.4,5.6,1,0.0008090614886731392,0.9870550161812298,0.0024271844660194173,0.0,0.0,0.9878640776699029,5919043,77568,11.258910249988931
219,1099,2019/2020,7979044,Lake Cowichan Secondary,79,Cowichan Valley,Public,PO Box 40,Lake Cowichan,Standard School                         ,SECONDARY,YES,NO,NO,NO,48.82078196,-124.0560909,2019,Lake Cowichan,Gr 12 enrolment: 37,0.0,15.9,0.0,61.3,16.7,100.0,27.1,2.3,1,0.017241379310344827,0.763448275862069,0.006206896551724138,0.0,0.05931034482758621,0.7806896551724138,5919016,53440,10.886314808210527
220,1104,2019/2020,7979049,Chemainus Secondary,79,Cowichan Valley,Public,9947 Daniel St,Chemainus,Standard School                         ,ELEMENTARY SECONDARY,YES,NO,NO,NO,48.9282665,-123.7247014,2019,Chemainus,Gr 12 enrolment: 44,0.0,14.1,0.0,63.3,13.3,100.0,17.0,4.0,1,0.013917884481558803,0.8288100208768268,0.11760612386917188,0.0,0.003479471120389701,0.8427279053583856,5919008,64169,11.069275507017089
221,1109,2019/2020,7996005,Brentwood College,79,Cowichan Valley,Independent,2735 Mt Baker Rd,Mill Bay,Standard School                         ,SECONDARY,NO,NO,NO,NO,48.6525,-123.55529,2019,Mill Bay,Gr 12 enrolment: 154,0.0,5.6,0.0,80.8,0.7,100.0,4.0,9.8,0,0.0,0.9617391304347827,0.010434782608695653,0.0,0.0052173913043478265,0.9617391304347827,5919043,77568,11.258910249988931
222,1114,2019/2020,7996006,Shawnigan Lake,79,Cowichan Valley,Independent,1975 Renfrew Rd,Shawnigan Lake,Standard School                         ,SECONDARY,YES,NO,NO,NO,48.65735499,-123.6388876,2019,Shawnigan Lake,Gr 12 enrolment: 130,0.0,5.7,0.0,74.0,2.3,99.2,0.0,7.4,0,0.00995732574679943,0.9018492176386913,0.01849217638691323,0.0,0.006401137980085348,0.9118065433854907,5919046,81169,11.304288679856738
223,1119,2019/2020,8181013,Fort Nelson Secondary,81,Fort Nelson,Public,PO Box 90,Fort Nelson,Standard School                         ,SECONDARY,YES,NO,NO,NO,58.80992582,-122.71259,2019,Fort Nelson,Gr 12 enrolment: 44,1.9,13.0,0.0,59.4,28.2,94.9,12.0,5.0,1,0.0,0.8103448275862069,0.05517241379310345,0.0,0.04597701149425287,0.8103448275862069,5959007,94234,11.453536329625972
224,1124,2019/2020,8282039,Mount Elizabeth Middle/Secondary,82,Coast Mountains,Public,1491 Kingfisher Ave N,Kitimat,Standard School                         ,ELEMENTARY SECONDARY,YES,YES,NO,NO,54.06111577,-128.6252248,2019,Kitimat,Gr 12 enrolment: 73,0.0,17.5,8.0,65.8,14.3,92.7,31.8,1.7,1,0.026558891454965358,0.9572748267898383,0.011547344110854504,0.0,0.0,0.9838337182448037,5949005,92365,11.433503397992737
225,1129,2019/2020,8288006,Hazelton Secondary,82,Coast Mountains,Public,PO Box 300,Hazelton,Standard School                         ,SECONDARY,YES,YES,NO,NO,55.26442362,-127.6468443,2019,Hazelton,Gr 12 enrolment: 75,8.7,23.8,3.7,54.2,38.6,86.7,53.9,0.0,1,0.13032736256948735,0.4336009882643607,0.31562693020382954,0.0,0.0,0.5639283508338481,5949022,66304,11.1020055061791
226,1134,2019/2020,8288024,Caledonia Secondary,82,Coast Mountains,Public,3605 Munroe St,Terrace,Standard School                         ,SECONDARY,YES,YES,NO,NO,54.52484003,-128.6065435,2019,Terrace,Gr 12 enrolment: 156,0.0,16.2,7.1,70.1,6.8,90.4,23.8,5.7,1,0.027500996412913512,0.8393782383419689,0.045436428856117976,0.04184934236747708,0.0,0.8668792347548824,5949011,76769,11.248556191815522
227,1139,2019/2020,8321004,Pleasant Valley Secondary,83,North Okanagan-Shuswap,Public,2365 Pleasant Valley Rd,Armstrong,Standard School                         ,SECONDARY,YES,NO,NO,NO,50.43759557,-119.2091304,2019,Armstrong,Gr 12 enrolment: 116,0.0,20.8,0.0,66.2,9.5,94.4,23.0,5.0,1,0.22913550702961413,0.5025426263834879,0.02153754113072091,0.19982052049057733,0.0026921926413401138,0.7316781334131021,5937028,63561,11.0597553536924
228,1144,2019/2020,8383035,Salmon Arm Secondary,83,North Okanagan-Shuswap,Public,PO Box 1000 STN Main,Salmon Arm,Standard School                         ,SECONDARY,YES,YES,NO,NO,50.7123519,-119.2537932,2019,Salmon Arm,Gr 12 enrolment: 318,1.2,17.2,17.2,69.4,3.1,97.7,,6.8,1,0.12350597609561753,0.6372288623284639,0.0417220008853475,0.12328463922089421,0.0033200531208499337,0.7607348384240814,5939032,63646,11.06109175833445
229,1149,2019/2020,8585018,North Island Secondary,85,Vancouver Island North,Public,PO Box 100,Port McNeill,Standard School                         ,SECONDARY,YES,NO,NO,NO,50.58500773,-127.07843,2019,Port McNeill,Gr 12 enrolment: 57,13.7,25.0,0.0,69.5,2.9,100.0,20.1,6.6,1,0.16751269035532995,0.40947546531302875,0.2182741116751269,0.0008460236886632825,0.11928934010152284,0.5769881556683587,5943012,85248,11.353319934460007
230,1154,2019/2020,8585026,Port Hardy Secondary,85,Vancouver Island North,Public,PO Box 27,Port Hardy,Standard School                         ,SECONDARY,YES,NO,NO,NO,50.72478166,-127.506524,2019,Port Hardy,Gr 12 enrolment: 45,11.0,27.6,0.0,59.4,24.2,91.2,35.0,0.7,1,0.03601895734597156,0.5829383886255924,0.021800947867298578,0.11184834123222749,0.2018957345971564,0.618957345971564,5943023,56277,10.938041204903517
231,1159,2019/2020,9156002,Fraser Lake Elem-Secondary,91,Nechako Lakes,Public,PO Bag Service 1002,Fraser Lake,Standard School                         ,ELEMENTARY SECONDARY,YES,YES,NO,NO,54.05909175,-124.8482654,2019,Fraser Lake,Gr 12 enrolment: 31,0.0,18.8,0.0,57.0,31.4,100.0,19.9,2.1,1,0.44421906693711966,0.24239350912778904,0.016227180527383367,0.06795131845841786,0.0030425963488843813,0.6866125760649087,5951009,75776,11.235536898803623
232,1164,2019/2020,9156007,Fort St James Secondary,91,Nechako Lakes,Public,PO Box 220,Fort St James,Standard School                         ,SECONDARY,YES,NO,NO,NO,54.4442984,-124.2499406,2019,Fort St James,Gr 12 enrolment: 46,0.0,27.6,0.0,59.2,25.7,97.4,42.8,0.0,1,0.25303867403314917,0.430939226519337,0.0022099447513812156,0.2662983425414365,0.0,0.6839779005524862,5951013,80896,11.300919658066475
233,1169,2019/2020,9191023,Lakes District Secondary,91,Nechako Lakes,Public,Box 3000,Burns Lake,Standard School                         ,SECONDARY,YES,NO,NO,NO,54.23468529,-125.7698915,2019,Burns Lake,Gr 12 enrolment: 60,0.0,22.4,0.0,67.7,10.9,90.0,16.0,5.1,1,0.5395590142671854,0.2457846952010376,0.03955901426718547,0.03372243839169909,0.0006485084306095979,0.7853437094682231,5951022,68267,11.131181766279958
234,1174,2019/2020,9191024,Nechako Valley Secondary,91,Nechako Lakes,Public,PO Box 950,Vanderhoof,Standard School                         ,ELEMENTARY SECONDARY,YES,NO,NO,NO,54.01800563,-124.0053372,2019,Vanderhoof,Gr 12 enrolment: 81,0.0,16.6,4.1,66.5,8.2,98.7,2.8,6.4,1,0.4789598108747045,0.3588652482269504,0.0,0.13002364066193853,0.0,0.837825059101655,5951007,82368,11.3189522909558
